-- Test Data v2 (5 Supabase-linked users)
-- Generated for system date 2026-06-27. Run with:
--   docker-compose exec workers npx wrangler d1 execute ast_way_db --local --file=./migrations/test_data_v2.sql

-- Idempotency: remove prior rows for these users (FK cascade clears children).
DELETE FROM Users WHERE supabase_user_id IN ('d7ef576e-51cb-4bf6-9935-5bccf469d4c0', '3fc242cb-81fb-4943-9647-daf86488fa19', 'b2757357-8ac8-4607-8a57-7ad28c944d46', '18550a58-b9a5-4fb2-bfdb-578670673142', '00fb977a-b868-40bc-b67c-517d24e49ec7');

-- Users
INSERT INTO Users (id, supabase_user_id, email, created_at, last_active_at) VALUES ('d7ef576e-51cb-4bf6-9935-5bccf469d4c0', 'd7ef576e-51cb-4bf6-9935-5bccf469d4c0', 'user1@example.com', '2026-06-13 00:00:00', '2026-06-27 12:00:00');
INSERT INTO Users (id, supabase_user_id, email, created_at, last_active_at) VALUES ('3fc242cb-81fb-4943-9647-daf86488fa19', '3fc242cb-81fb-4943-9647-daf86488fa19', 'user2@example.com', '2026-06-24 00:00:00', '2026-06-27 12:00:00');
INSERT INTO Users (id, supabase_user_id, email, created_at, last_active_at) VALUES ('b2757357-8ac8-4607-8a57-7ad28c944d46', 'b2757357-8ac8-4607-8a57-7ad28c944d46', 'user3@example.com', '2026-05-20 00:00:00', '2026-06-27 12:00:00');
INSERT INTO Users (id, supabase_user_id, email, created_at, last_active_at) VALUES ('18550a58-b9a5-4fb2-bfdb-578670673142', '18550a58-b9a5-4fb2-bfdb-578670673142', 'user4@example.com', '2026-06-13 00:00:00', '2026-06-27 12:00:00');
INSERT INTO Users (id, supabase_user_id, email, created_at, last_active_at) VALUES ('00fb977a-b868-40bc-b67c-517d24e49ec7', '00fb977a-b868-40bc-b67c-517d24e49ec7', 'user5@example.com', '2026-04-04 00:00:00', '2026-06-27 12:00:00');

-- MorningPages
INSERT INTO MorningPages (user_id, entry_date, content, character_count, created_at, updated_at) VALUES ('d7ef576e-51cb-4bf6-9935-5bccf469d4c0', '2026-06-13', '一日目の記録。今日も静かな朝のひとときが訪れた。窓の外はまだ薄暗く、心に浮かぶ言', 40, '2026-06-13 08:00:00', '2026-06-13 08:00:00');
INSERT INTO MorningPages (user_id, entry_date, content, character_count, created_at, updated_at) VALUES ('d7ef576e-51cb-4bf6-9935-5bccf469d4c0', '2026-06-15', '一日目の記録。今日も静かな朝のひとときが訪れた。窓の外はまだ薄暗く、心に浮かぶ言葉を', 42, '2026-06-15 08:00:00', '2026-06-15 08:00:00');
INSERT INTO MorningPages (user_id, entry_date, content, character_count, created_at, updated_at) VALUES ('d7ef576e-51cb-4bf6-9935-5bccf469d4c0', '2026-06-17', '一日目の記録。今日も静かな朝のひとときが訪れた。窓の外はまだ薄暗く、心に浮かぶ言葉をその', 44, '2026-06-17 08:00:00', '2026-06-17 08:00:00');
INSERT INTO MorningPages (user_id, entry_date, content, character_count, created_at, updated_at) VALUES ('d7ef576e-51cb-4bf6-9935-5bccf469d4c0', '2026-06-20', '二週目の記録。今日も静かな朝のひとときが訪れた。窓の外はまだ薄暗く、心に浮かぶ言葉をそのまま書', 47, '2026-06-20 08:00:00', '2026-06-20 08:00:00');
INSERT INTO MorningPages (user_id, entry_date, content, character_count, created_at, updated_at) VALUES ('d7ef576e-51cb-4bf6-9935-5bccf469d4c0', '2026-06-23', '二週目の記録。今日も静かな朝のひとときが訪れた。窓の外はまだ薄暗く、心に浮かぶ言葉をそのま', 45, '2026-06-23 08:00:00', '2026-06-23 08:00:00');
INSERT INTO MorningPages (user_id, entry_date, content, character_count, created_at, updated_at) VALUES ('d7ef576e-51cb-4bf6-9935-5bccf469d4c0', '2026-06-25', '二週目の記録。今日も静かな朝のひとときが訪れた。窓の外はまだ薄暗く、心に浮かぶ言葉をそのまま書', 47, '2026-06-25 08:00:00', '2026-06-25 08:00:00');
INSERT INTO MorningPages (user_id, entry_date, content, character_count, created_at, updated_at) VALUES ('3fc242cb-81fb-4943-9647-daf86488fa19', '2026-06-26', 'はじめての記録。今日も静かな朝のひとときが訪れた。窓の外はまだ薄暗く、心に浮かぶ言葉をそのまま書き留めていく。昨日の出来事や、これからやりたいこと、ふと感じた不安や期待を、評価せずにただ流していく。書くことで思考が少しずつ整理され、前向きな気持ちになれる気がする。小さな気づきを大切にしながら、今日と', 150, '2026-06-26 08:00:00', '2026-06-26 08:00:00');
INSERT INTO MorningPages (user_id, entry_date, content, character_count, created_at, updated_at) VALUES ('3fc242cb-81fb-4943-9647-daf86488fa19', '2026-06-27', '二日目の記録。今日も静かな朝のひとときが訪れた。窓の外はまだ薄暗く、心に浮かぶ言葉をそのまま書き留めていく。昨日の出来事や、これからやりたいこと、ふと感じた不安や期待を、評価せずにただ流していく。書くことで思考が少しずつ整理され、前向きな気持ちになれる気がする。小さな気づきを大切にしながら、今日という一日を丁寧に過ごしていきたいと思う。二日目の記録。今日も静かな朝のひとときが訪れた。窓の外はまだ薄暗く、心に浮かぶ言葉をそのまま書き留めていく。昨日の出来事や', 230, '2026-06-27 08:00:00', '2026-06-27 08:00:00');
INSERT INTO MorningPages (user_id, entry_date, content, character_count, created_at, updated_at) VALUES ('b2757357-8ac8-4607-8a57-7ad28c944d46', '2026-05-20', '今日も静かな朝のひとときが訪れた。窓の外はまだ薄暗く、心に浮かぶ言葉をそのまま書き留めていく。昨日の出来事や、これからやりたいこと、ふと感じた不安や期待を、評価せずにただ流していく。書くことで思考が少しずつ整理され、前向きな気持ちになれる気がする。小さな気づきを大切にしながら、今日という一日を丁寧に過ごしていきたいと思う。今日も静かな朝のひとときが訪れた。窓の外はまだ薄暗く、心に浮かぶ言葉をそのまま書き留めていく。昨日の出来事や、これからやりたいこと、ふと感じた不安や期待を、評価せずにただ流していく。書くことで思考が少しずつ整理され、前向きな気持ちになれる気がする。小さな気づきを大切にしながら、今日という一日を丁寧に過ごしていきたいと思う。今日も静かな朝のひとときが訪れた。窓の外はまだ薄暗く、心に浮かぶ言葉をそのまま書き留めていく。昨日の出来事や、これからやりたいこと、ふと感じた不安や期待を、評価せずにただ流していく。書くことで思考が少しずつ整理され、前向きな気持ちになれる気がする。小さな気づきを大切にしながら、今日という一日を丁寧に過ごしていきたいと思う。今日も静かな朝のひとときが訪れた。窓の外はまだ薄暗く、心に浮かぶ言葉をそのまま書き留めていく。昨日の出来事や、これからやりたいこと、ふと感じた不安や期待を、評価せずにただ流していく。書くことで思考が少しずつ整理され、前向きな気持ちになれる気がする。小さな気づきを大切にしながら、今日という一日を丁寧に過ごしていきたいと思う。今日も静かな朝のひとときが訪れた。窓の外はまだ薄暗く、心に浮かぶ言葉をそのまま書き留めていく。昨日の出来事や、これからやりたいこと、ふと感じた不安や期待を、評価せずにただ流していく。書くことで思考が少しずつ整理され、前向きな気持ちになれる気がする。小さな気づきを大切にしながら、今日という一日を丁寧に過ごしていきたいと思う。今日も静かな朝のひとときが訪れた。窓の外はまだ薄暗く、心に浮かぶ言葉をそのまま書き留めていく。昨日の出来事や、これからやりたいこと、ふと感じた不安や期待を、評価せずにただ流していく。書くことで思考が少しずつ整理され、前向きな気持ちになれる気がする。小さな気づきを大切にしながら、今', 950, '2026-05-20 08:00:00', '2026-05-20 08:00:00');
INSERT INTO MorningPages (user_id, entry_date, content, character_count, created_at, updated_at) VALUES ('b2757357-8ac8-4607-8a57-7ad28c944d46', '2026-05-21', '今日も静かな朝のひとときが訪れた。窓の外はまだ薄暗く、心に浮かぶ言葉をそのまま書き留めていく。昨日の出来事や、これからやりたいこと、ふと感じた不安や期待を、評価せずにただ流していく。書くことで思考が少しずつ整理され、前向きな気持ちになれる気がする。小さな気づきを大切にしながら、今日という一日を丁寧に過ごしていきたいと思う。今日も静かな朝のひとときが訪れた。窓の外はまだ薄暗く、心に浮かぶ言葉をそのまま書き留めていく。昨日の出来事や、これからやりたいこと、ふと感じた不安や期待を、評価せずにただ流していく。書くことで思考が少しずつ整理され、前向きな気持ちになれる気がする。小さな気づきを大切にしながら、今日という一日を丁寧に過ごしていきたいと思う。今日も静かな朝のひとときが訪れた。窓の外はまだ薄暗く、心に浮かぶ言葉をそのまま書き留めていく。昨日の出来事や、これからやりたいこと、ふと感じた不安や期待を、評価せずにただ流していく。書くことで思考が少しずつ整理され、前向きな気持ちになれる気がする。小さな気づきを大切にしながら、今日という一日を丁寧に過ごしていきたいと思う。今日も静かな朝のひとときが訪れた。窓の外はまだ薄暗く、心に浮かぶ言葉をそのまま書き留めていく。昨日の出来事や、これからやりたいこと、ふと感じた不安や期待を、評価せずにただ流していく。書くことで思考が少しずつ整理され、前向きな気持ちになれる気がする。小さな気づきを大切にしながら、今日という一日を丁寧に過ごしていきたいと思う。今日も静かな朝のひとときが訪れた。窓の外はまだ薄暗く、心に浮かぶ言葉をそのまま書き留めていく。昨日の出来事や、これからやりたいこと、ふと感じた不安や期待を、評価せずにただ流していく。書くことで思考が少しずつ整理され、前向きな気持ちになれる気がする。小さな気づきを大切にしながら、今日という一日を丁寧に過ごしていきたいと思う。今日も静かな朝のひとときが訪れた。窓の外はまだ薄暗く、心に浮かぶ言葉をそのまま書き留めていく。昨日の出来事や、これからやりたいこと、ふと感じた不安や期待を、評価せずにただ流していく。書くことで思考が少しずつ整理され、前向きな気持ちになれる気がする。小さな気づきを大切にしながら、今日という一日を丁寧に過ごしていきたいと思', 970, '2026-05-21 08:00:00', '2026-05-21 08:00:00');
INSERT INTO MorningPages (user_id, entry_date, content, character_count, created_at, updated_at) VALUES ('b2757357-8ac8-4607-8a57-7ad28c944d46', '2026-05-22', '今日も静かな朝のひとときが訪れた。窓の外はまだ薄暗く、心に浮かぶ言葉をそのまま書き留めていく。昨日の出来事や、これからやりたいこと、ふと感じた不安や期待を、評価せずにただ流していく。書くことで思考が少しずつ整理され、前向きな気持ちになれる気がする。小さな気づきを大切にしながら、今日という一日を丁寧に過ごしていきたいと思う。今日も静かな朝のひとときが訪れた。窓の外はまだ薄暗く、心に浮かぶ言葉をそのまま書き留めていく。昨日の出来事や、これからやりたいこと、ふと感じた不安や期待を、評価せずにただ流していく。書くことで思考が少しずつ整理され、前向きな気持ちになれる気がする。小さな気づきを大切にしながら、今日という一日を丁寧に過ごしていきたいと思う。今日も静かな朝のひとときが訪れた。窓の外はまだ薄暗く、心に浮かぶ言葉をそのまま書き留めていく。昨日の出来事や、これからやりたいこと、ふと感じた不安や期待を、評価せずにただ流していく。書くことで思考が少しずつ整理され、前向きな気持ちになれる気がする。小さな気づきを大切にしながら、今日という一日を丁寧に過ごしていきたいと思う。今日も静かな朝のひとときが訪れた。窓の外はまだ薄暗く、心に浮かぶ言葉をそのまま書き留めていく。昨日の出来事や、これからやりたいこと、ふと感じた不安や期待を、評価せずにただ流していく。書くことで思考が少しずつ整理され、前向きな気持ちになれる気がする。小さな気づきを大切にしながら、今日という一日を丁寧に過ごしていきたいと思う。今日も静かな朝のひとときが訪れた。窓の外はまだ薄暗く、心に浮かぶ言葉をそのまま書き留めていく。昨日の出来事や、これからやりたいこと、ふと感じた不安や期待を、評価せずにただ流していく。書くことで思考が少しずつ整理され、前向きな気持ちになれる気がする。小さな気づきを大切にしながら、今日という一日を丁寧に過ごしていきたいと思う。今日も静かな朝のひとときが訪れた。窓の外はまだ薄暗く、心に浮かぶ言葉をそのまま書き留めていく。昨日の出来事や、これからやりたいこと、ふと感じた不安や期待を、評価せずにただ流していく。書くことで思考が少しずつ整理され、前向きな気持ちになれる気がする。小さな気づきを大切にしながら、今日という一日を丁寧に過ごしていきたいと思う。今日も静かな朝のひとときが訪れた。窓', 990, '2026-05-22 08:00:00', '2026-05-22 08:00:00');
INSERT INTO MorningPages (user_id, entry_date, content, character_count, created_at, updated_at) VALUES ('b2757357-8ac8-4607-8a57-7ad28c944d46', '2026-05-23', '今日も静かな朝のひとときが訪れた。窓の外はまだ薄暗く、心に浮かぶ言葉をそのまま書き留めていく。昨日の出来事や、これからやりたいこと、ふと感じた不安や期待を、評価せずにただ流していく。書くことで思考が少しずつ整理され、前向きな気持ちになれる気がする。小さな気づきを大切にしながら、今日という一日を丁寧に過ごしていきたいと思う。今日も静かな朝のひとときが訪れた。窓の外はまだ薄暗く、心に浮かぶ言葉をそのまま書き留めていく。昨日の出来事や、これからやりたいこと、ふと感じた不安や期待を、評価せずにただ流していく。書くことで思考が少しずつ整理され、前向きな気持ちになれる気がする。小さな気づきを大切にしながら、今日という一日を丁寧に過ごしていきたいと思う。今日も静かな朝のひとときが訪れた。窓の外はまだ薄暗く、心に浮かぶ言葉をそのまま書き留めていく。昨日の出来事や、これからやりたいこと、ふと感じた不安や期待を、評価せずにただ流していく。書くことで思考が少しずつ整理され、前向きな気持ちになれる気がする。小さな気づきを大切にしながら、今日という一日を丁寧に過ごしていきたいと思う。今日も静かな朝のひとときが訪れた。窓の外はまだ薄暗く、心に浮かぶ言葉をそのまま書き留めていく。昨日の出来事や、これからやりたいこと、ふと感じた不安や期待を、評価せずにただ流していく。書くことで思考が少しずつ整理され、前向きな気持ちになれる気がする。小さな気づきを大切にしながら、今日という一日を丁寧に過ごしていきたいと思う。今日も静かな朝のひとときが訪れた。窓の外はまだ薄暗く、心に浮かぶ言葉をそのまま書き留めていく。昨日の出来事や、これからやりたいこと、ふと感じた不安や期待を、評価せずにただ流していく。書くことで思考が少しずつ整理され、前向きな気持ちになれる気がする。小さな気づきを大切にしながら、今日という一日を丁寧に過ごしていきたいと思う。今日も静かな朝のひとときが訪れた。窓の外はまだ薄暗く、心に浮かぶ言葉をそのまま書き留めていく。昨日の出来事や、これからやりたいこと、ふと感じた不安や期待を、評価せずにただ流していく。書くことで思考が少しずつ整理され、前向きな気持ちになれる気がする。小さな気づきを大切にしながら、今日という一日を丁寧に過ごしていきたいと思う。今日も静かな朝のひとときが訪れた。窓の外はまだ薄暗く、心に浮かぶ言葉をそのま', 1010, '2026-05-23 08:00:00', '2026-05-23 08:00:00');
INSERT INTO MorningPages (user_id, entry_date, content, character_count, created_at, updated_at) VALUES ('b2757357-8ac8-4607-8a57-7ad28c944d46', '2026-05-24', '今日も静かな朝のひとときが訪れた。窓の外はまだ薄暗く、心に浮かぶ言葉をそのまま書き留めていく。昨日の出来事や、これからやりたいこと、ふと感じた不安や期待を、評価せずにただ流していく。書くことで思考が少しずつ整理され、前向きな気持ちになれる気がする。小さな気づきを大切にしながら、今日という一日を丁寧に過ごしていきたいと思う。今日も静かな朝のひとときが訪れた。窓の外はまだ薄暗く、心に浮かぶ言葉をそのまま書き留めていく。昨日の出来事や、これからやりたいこと、ふと感じた不安や期待を、評価せずにただ流していく。書くことで思考が少しずつ整理され、前向きな気持ちになれる気がする。小さな気づきを大切にしながら、今日という一日を丁寧に過ごしていきたいと思う。今日も静かな朝のひとときが訪れた。窓の外はまだ薄暗く、心に浮かぶ言葉をそのまま書き留めていく。昨日の出来事や、これからやりたいこと、ふと感じた不安や期待を、評価せずにただ流していく。書くことで思考が少しずつ整理され、前向きな気持ちになれる気がする。小さな気づきを大切にしながら、今日という一日を丁寧に過ごしていきたいと思う。今日も静かな朝のひとときが訪れた。窓の外はまだ薄暗く、心に浮かぶ言葉をそのまま書き留めていく。昨日の出来事や、これからやりたいこと、ふと感じた不安や期待を、評価せずにただ流していく。書くことで思考が少しずつ整理され、前向きな気持ちになれる気がする。小さな気づきを大切にしながら、今日という一日を丁寧に過ごしていきたいと思う。今日も静かな朝のひとときが訪れた。窓の外はまだ薄暗く、心に浮かぶ言葉をそのまま書き留めていく。昨日の出来事や、これからやりたいこと、ふと感じた不安や期待を、評価せずにただ流していく。書くことで思考が少しずつ整理され、前向きな気持ちになれる気がする。小さな気づきを大切にしながら、今日という一日を丁寧に過ごしていきたいと思う。今日も静かな朝のひとときが訪れた。窓の外はまだ薄暗く、心に浮かぶ言葉をそのまま書き留めていく。昨日の出来事や、これからやりたいこと、ふと感じた不安や期待を、評価せずにただ流していく。書くことで思考が少しずつ整理され、前向きな気持ちになれる気がする。小さな気づきを大切にしながら、今日という一日を丁寧に過ごしていきたいと思う。今日も静かな朝のひとときが訪れた。窓の外はまだ薄暗く、心に浮かぶ言葉をそのまま書き留めていく。昨日の出来事や、これか', 1030, '2026-05-24 08:00:00', '2026-05-24 08:00:00');
INSERT INTO MorningPages (user_id, entry_date, content, character_count, created_at, updated_at) VALUES ('b2757357-8ac8-4607-8a57-7ad28c944d46', '2026-05-25', '今日も静かな朝のひとときが訪れた。窓の外はまだ薄暗く、心に浮かぶ言葉をそのまま書き留めていく。昨日の出来事や、これからやりたいこと、ふと感じた不安や期待を、評価せずにただ流していく。書くことで思考が少しずつ整理され、前向きな気持ちになれる気がする。小さな気づきを大切にしながら、今日という一日を丁寧に過ごしていきたいと思う。今日も静かな朝のひとときが訪れた。窓の外はまだ薄暗く、心に浮かぶ言葉をそのまま書き留めていく。昨日の出来事や、これからやりたいこと、ふと感じた不安や期待を、評価せずにただ流していく。書くことで思考が少しずつ整理され、前向きな気持ちになれる気がする。小さな気づきを大切にしながら、今日という一日を丁寧に過ごしていきたいと思う。今日も静かな朝のひとときが訪れた。窓の外はまだ薄暗く、心に浮かぶ言葉をそのまま書き留めていく。昨日の出来事や、これからやりたいこと、ふと感じた不安や期待を、評価せずにただ流していく。書くことで思考が少しずつ整理され、前向きな気持ちになれる気がする。小さな気づきを大切にしながら、今日という一日を丁寧に過ごしていきたいと思う。今日も静かな朝のひとときが訪れた。窓の外はまだ薄暗く、心に浮かぶ言葉をそのまま書き留めていく。昨日の出来事や、これからやりたいこと、ふと感じた不安や期待を、評価せずにただ流していく。書くことで思考が少しずつ整理され、前向きな気持ちになれる気がする。小さな気づきを大切にしながら、今日という一日を丁寧に過ごしていきたいと思う。今日も静かな朝のひとときが訪れた。窓の外はまだ薄暗く、心に浮かぶ言葉をそのまま書き留めていく。昨日の出来事や、これからやりたいこと、ふと感じた不安や期待を、評価せずにただ流していく。書くことで思考が少しずつ整理され、前向きな気持ちになれる気がする。小さな気づきを大切にしながら、今日という一日を丁寧に過ごしていきたいと思う。今日も静かな朝のひとときが訪れた。窓の外はまだ薄暗く、心に浮かぶ言葉をそのまま書き留めていく。昨日の出来事や、これからやりたいこと、ふと感じた不安や期待を、評価せずにただ流していく。書くことで思考が少しずつ整理され、前向きな気持ちになれる気がする。小さな気づきを大切にしながら、今日という一日を丁寧に過ごしていきたいと思う。今日も静かな朝のひとときが訪れた。窓の外はまだ薄暗く、心に浮かぶ言葉をそのまま書き留めていく。昨日の出来事や、これからやりたいこと、ふと感じた不安や期待を、', 1050, '2026-05-25 08:00:00', '2026-05-25 08:00:00');
INSERT INTO MorningPages (user_id, entry_date, content, character_count, created_at, updated_at) VALUES ('b2757357-8ac8-4607-8a57-7ad28c944d46', '2026-05-26', '今日も静かな朝のひとときが訪れた。窓の外はまだ薄暗く、心に浮かぶ言葉をそのまま書き留めていく。昨日の出来事や、これからやりたいこと、ふと感じた不安や期待を、評価せずにただ流していく。書くことで思考が少しずつ整理され、前向きな気持ちになれる気がする。小さな気づきを大切にしながら、今日という一日を丁寧に過ごしていきたいと思う。今日も静かな朝のひとときが訪れた。窓の外はまだ薄暗く、心に浮かぶ言葉をそのまま書き留めていく。昨日の出来事や、これからやりたいこと、ふと感じた不安や期待を、評価せずにただ流していく。書くことで思考が少しずつ整理され、前向きな気持ちになれる気がする。小さな気づきを大切にしながら、今日という一日を丁寧に過ごしていきたいと思う。今日も静かな朝のひとときが訪れた。窓の外はまだ薄暗く、心に浮かぶ言葉をそのまま書き留めていく。昨日の出来事や、これからやりたいこと、ふと感じた不安や期待を、評価せずにただ流していく。書くことで思考が少しずつ整理され、前向きな気持ちになれる気がする。小さな気づきを大切にしながら、今日という一日を丁寧に過ごしていきたいと思う。今日も静かな朝のひとときが訪れた。窓の外はまだ薄暗く、心に浮かぶ言葉をそのまま書き留めていく。昨日の出来事や、これからやりたいこと、ふと感じた不安や期待を、評価せずにただ流していく。書くことで思考が少しずつ整理され、前向きな気持ちになれる気がする。小さな気づきを大切にしながら、今日という一日を丁寧に過ごしていきたいと思う。今日も静かな朝のひとときが訪れた。窓の外はまだ薄暗く、心に浮かぶ言葉をそのまま書き留めていく。昨日の出来事や、これからやりたいこと、ふと感じた不安や期待を、評価せずにただ流していく。書くことで思考が少しずつ整理され、前向きな気持ちになれる気がする。小さな気づきを大切にしながら、今日という一日を丁寧に過ごしていきたいと思う。今日も静かな朝のひとときが訪れた。窓の外はまだ薄暗く、心に浮かぶ言葉をそのまま書き留めていく。昨日の出来事や、これからやりたいこと、ふと感じた不安や期待を、評価せずにただ流していく。書くことで思考が少しずつ整理され、前向きな気持ちになれる気がする。小さな気づきを大切にしながら、今', 950, '2026-05-26 08:00:00', '2026-05-26 08:00:00');
INSERT INTO MorningPages (user_id, entry_date, content, character_count, created_at, updated_at) VALUES ('b2757357-8ac8-4607-8a57-7ad28c944d46', '2026-05-27', '今日も静かな朝のひとときが訪れた。窓の外はまだ薄暗く、心に浮かぶ言葉をそのまま書き留めていく。昨日の出来事や、これからやりたいこと、ふと感じた不安や期待を、評価せずにただ流していく。書くことで思考が少しずつ整理され、前向きな気持ちになれる気がする。小さな気づきを大切にしながら、今日という一日を丁寧に過ごしていきたいと思う。今日も静かな朝のひとときが訪れた。窓の外はまだ薄暗く、心に浮かぶ言葉をそのまま書き留めていく。昨日の出来事や、これからやりたいこと、ふと感じた不安や期待を、評価せずにただ流していく。書くことで思考が少しずつ整理され、前向きな気持ちになれる気がする。小さな気づきを大切にしながら、今日という一日を丁寧に過ごしていきたいと思う。今日も静かな朝のひとときが訪れた。窓の外はまだ薄暗く、心に浮かぶ言葉をそのまま書き留めていく。昨日の出来事や、これからやりたいこと、ふと感じた不安や期待を、評価せずにただ流していく。書くことで思考が少しずつ整理され、前向きな気持ちになれる気がする。小さな気づきを大切にしながら、今日という一日を丁寧に過ごしていきたいと思う。今日も静かな朝のひとときが訪れた。窓の外はまだ薄暗く、心に浮かぶ言葉をそのまま書き留めていく。昨日の出来事や、これからやりたいこと、ふと感じた不安や期待を、評価せずにただ流していく。書くことで思考が少しずつ整理され、前向きな気持ちになれる気がする。小さな気づきを大切にしながら、今日という一日を丁寧に過ごしていきたいと思う。今日も静かな朝のひとときが訪れた。窓の外はまだ薄暗く、心に浮かぶ言葉をそのまま書き留めていく。昨日の出来事や、これからやりたいこと、ふと感じた不安や期待を、評価せずにただ流していく。書くことで思考が少しずつ整理され、前向きな気持ちになれる気がする。小さな気づきを大切にしながら、今日という一日を丁寧に過ごしていきたいと思う。今日も静かな朝のひとときが訪れた。窓の外はまだ薄暗く、心に浮かぶ言葉をそのまま書き留めていく。昨日の出来事や、これからやりたいこと、ふと感じた不安や期待を、評価せずにただ流していく。書くことで思考が少しずつ整理され、前向きな気持ちになれる気がする。小さな気づきを大切にしながら、今日という一日を丁寧に過ごしていきたいと思う。今日も静かな朝のひとときが訪れた。窓の外はまだ薄暗く、', 999, '2026-05-27 08:00:00', '2026-05-27 08:00:00');
INSERT INTO MorningPages (user_id, entry_date, content, character_count, created_at, updated_at) VALUES ('b2757357-8ac8-4607-8a57-7ad28c944d46', '2026-05-28', '今日も静かな朝のひとときが訪れた。窓の外はまだ薄暗く、心に浮かぶ言葉をそのまま書き留めていく。昨日の出来事や、これからやりたいこと、ふと感じた不安や期待を、評価せずにただ流していく。書くことで思考が少しずつ整理され、前向きな気持ちになれる気がする。小さな気づきを大切にしながら、今日という一日を丁寧に過ごしていきたいと思う。今日も静かな朝のひとときが訪れた。窓の外はまだ薄暗く、心に浮かぶ言葉をそのまま書き留めていく。昨日の出来事や、これからやりたいこと、ふと感じた不安や期待を、評価せずにただ流していく。書くことで思考が少しずつ整理され、前向きな気持ちになれる気がする。小さな気づきを大切にしながら、今日という一日を丁寧に過ごしていきたいと思う。今日も静かな朝のひとときが訪れた。窓の外はまだ薄暗く、心に浮かぶ言葉をそのまま書き留めていく。昨日の出来事や、これからやりたいこと、ふと感じた不安や期待を、評価せずにただ流していく。書くことで思考が少しずつ整理され、前向きな気持ちになれる気がする。小さな気づきを大切にしながら、今日という一日を丁寧に過ごしていきたいと思う。今日も静かな朝のひとときが訪れた。窓の外はまだ薄暗く、心に浮かぶ言葉をそのまま書き留めていく。昨日の出来事や、これからやりたいこと、ふと感じた不安や期待を、評価せずにただ流していく。書くことで思考が少しずつ整理され、前向きな気持ちになれる気がする。小さな気づきを大切にしながら、今日という一日を丁寧に過ごしていきたいと思う。今日も静かな朝のひとときが訪れた。窓の外はまだ薄暗く、心に浮かぶ言葉をそのまま書き留めていく。昨日の出来事や、これからやりたいこと、ふと感じた不安や期待を、評価せずにただ流していく。書くことで思考が少しずつ整理され、前向きな気持ちになれる気がする。小さな気づきを大切にしながら、今日という一日を丁寧に過ごしていきたいと思う。今日も静かな朝のひとときが訪れた。窓の外はまだ薄暗く、心に浮かぶ言葉をそのまま書き留めていく。昨日の出来事や、これからやりたいこと、ふと感じた不安や期待を、評価せずにただ流していく。書くことで思考が少しずつ整理され、前向きな気持ちになれる気がする。小さな気づきを大切にしながら、今日という一日を丁寧に過ごしていきたいと思う。今日も静かな朝のひとときが訪れた。窓の外はまだ薄暗く、心に浮かぶ言葉をそのまま書き留めて', 1016, '2026-05-28 08:00:00', '2026-05-28 08:00:00');
INSERT INTO MorningPages (user_id, entry_date, content, character_count, created_at, updated_at) VALUES ('b2757357-8ac8-4607-8a57-7ad28c944d46', '2026-05-29', '今日も静かな朝のひとときが訪れた。窓の外はまだ薄暗く、心に浮かぶ言葉をそのまま書き留めていく。昨日の出来事や、これからやりたいこと、ふと感じた不安や期待を、評価せずにただ流していく。書くことで思考が少しずつ整理され、前向きな気持ちになれる気がする。小さな気づきを大切にしながら、今日という一日を丁寧に過ごしていきたいと思う。今日も静かな朝のひとときが訪れた。窓の外はまだ薄暗く、心に浮かぶ言葉をそのまま書き留めていく。昨日の出来事や、これからやりたいこと、ふと感じた不安や期待を、評価せずにただ流していく。書くことで思考が少しずつ整理され、前向きな気持ちになれる気がする。小さな気づきを大切にしながら、今日という一日を丁寧に過ごしていきたいと思う。今日も静かな朝のひとときが訪れた。窓の外はまだ薄暗く、心に浮かぶ言葉をそのまま書き留めていく。昨日の出来事や、これからやりたいこと、ふと感じた不安や期待を、評価せずにただ流していく。書くことで思考が少しずつ整理され、前向きな気持ちになれる気がする。小さな気づきを大切にしながら、今日という一日を丁寧に過ごしていきたいと思う。今日も静かな朝のひとときが訪れた。窓の外はまだ薄暗く、心に浮かぶ言葉をそのまま書き留めていく。昨日の出来事や、これからやりたいこと、ふと感じた不安や期待を、評価せずにただ流していく。書くことで思考が少しずつ整理され、前向きな気持ちになれる気がする。小さな気づきを大切にしながら、今日という一日を丁寧に過ごしていきたいと思う。今日も静かな朝のひとときが訪れた。窓の外はまだ薄暗く、心に浮かぶ言葉をそのまま書き留めていく。昨日の出来事や、これからやりたいこと、ふと感じた不安や期待を、評価せずにただ流していく。書くことで思考が少しずつ整理され、前向きな気持ちになれる気がする。小さな気づきを大切にしながら、今日という一日を丁寧に過ごしていきたいと思う。今日も静かな朝のひとときが訪れた。窓の外はまだ薄暗く、心に浮かぶ言葉をそのまま書き留めていく。昨日の出来事や、これからやりたいこと、ふと感じた不安や期待を、評価せずにただ流していく。書くことで思考が少しずつ整理され、前向きな気持ちになれる気がする。小さな気づきを大切にしながら、今日という一日を丁寧に過ごしていきたいと思う。今日も静かな朝のひとときが訪れた。窓の外はまだ薄暗く、心に浮かぶ言葉をそのまま書き留めていく。昨日の出来事や、これからやり', 1033, '2026-05-29 08:00:00', '2026-05-29 08:00:00');
INSERT INTO MorningPages (user_id, entry_date, content, character_count, created_at, updated_at) VALUES ('b2757357-8ac8-4607-8a57-7ad28c944d46', '2026-05-30', '今日も静かな朝のひとときが訪れた。窓の外はまだ薄暗く、心に浮かぶ言葉をそのまま書き留めていく。昨日の出来事や、これからやりたいこと、ふと感じた不安や期待を、評価せずにただ流していく。書くことで思考が少しずつ整理され、前向きな気持ちになれる気がする。小さな気づきを大切にしながら、今日という一日を丁寧に過ごしていきたいと思う。今日も静かな朝のひとときが訪れた。窓の外はまだ薄暗く、心に浮かぶ言葉をそのまま書き留めていく。昨日の出来事や、これからやりたいこと、ふと感じた不安や期待を、評価せずにただ流していく。書くことで思考が少しずつ整理され、前向きな気持ちになれる気がする。小さな気づきを大切にしながら、今日という一日を丁寧に過ごしていきたいと思う。今日も静かな朝のひとときが訪れた。窓の外はまだ薄暗く、心に浮かぶ言葉をそのまま書き留めていく。昨日の出来事や、これからやりたいこと、ふと感じた不安や期待を、評価せずにただ流していく。書くことで思考が少しずつ整理され、前向きな気持ちになれる気がする。小さな気づきを大切にしながら、今日という一日を丁寧に過ごしていきたいと思う。今日も静かな朝のひとときが訪れた。窓の外はまだ薄暗く、心に浮かぶ言葉をそのまま書き留めていく。昨日の出来事や、これからやりたいこと、ふと感じた不安や期待を、評価せずにただ流していく。書くことで思考が少しずつ整理され、前向きな気持ちになれる気がする。小さな気づきを大切にしながら、今日という一日を丁寧に過ごしていきたいと思う。今日も静かな朝のひとときが訪れた。窓の外はまだ薄暗く、心に浮かぶ言葉をそのまま書き留めていく。昨日の出来事や、これからやりたいこと、ふと感じた不安や期待を、評価せずにただ流していく。書くことで思考が少しずつ整理され、前向きな気持ちになれる気がする。小さな気づきを大切にしながら、今日という一日を丁寧に過ごしていきたいと思う。今日も静かな朝のひとときが訪れた。窓の外はまだ薄暗く、心に浮かぶ言葉をそのまま書き留めていく。昨日の出来事や、これからやりたいこと、ふと感じた不安や期待を、評価せずにただ流していく。書くことで思考が少しずつ整理され、前向きな気持ちになれる気がする。小さな気づきを大切にしながら、今日という一日を丁寧に過ごしていきたいと思う。今日も静かな朝のひとときが訪れた。窓の外はまだ薄暗く、心に浮かぶ言葉をそのまま書き留めていく。昨日の出来事や、これからやりたいこと、ふと感じた不安や期待を、', 1050, '2026-05-30 08:00:00', '2026-05-30 08:00:00');
INSERT INTO MorningPages (user_id, entry_date, content, character_count, created_at, updated_at) VALUES ('b2757357-8ac8-4607-8a57-7ad28c944d46', '2026-05-31', '今日も静かな朝のひとときが訪れた。窓の外はまだ薄暗く、心に浮かぶ言葉をそのまま書き留めていく。昨日の出来事や、これからやりたいこと、ふと感じた不安や期待を、評価せずにただ流していく。書くことで思考が少しずつ整理され、前向きな気持ちになれる気がする。小さな気づきを大切にしながら、今日という一日を丁寧に過ごしていきたいと思う。今日も静かな朝のひとときが訪れた。窓の外はまだ薄暗く、心に浮かぶ言葉をそのまま書き留めていく。昨日の出来事や、これからやりたいこと、ふと感じた不安や期待を、評価せずにただ流していく。書くことで思考が少しずつ整理され、前向きな気持ちになれる気がする。小さな気づきを大切にしながら、今日という一日を丁寧に過ごしていきたいと思う。今日も静かな朝のひとときが訪れた。窓の外はまだ薄暗く、心に浮かぶ言葉をそのまま書き留めていく。昨日の出来事や、これからやりたいこと、ふと感じた不安や期待を、評価せずにただ流していく。書くことで思考が少しずつ整理され、前向きな気持ちになれる気がする。小さな気づきを大切にしながら、今日という一日を丁寧に過ごしていきたいと思う。今日も静かな朝のひとときが訪れた。窓の外はまだ薄暗く、心に浮かぶ言葉をそのまま書き留めていく。昨日の出来事や、これからやりたいこと、ふと感じた不安や期待を、評価せずにただ流していく。書くことで思考が少しずつ整理され、前向きな気持ちになれる気がする。小さな気づきを大切にしながら、今日という一日を丁寧に過ごしていきたいと思う。今日も静かな朝のひとときが訪れた。窓の外はまだ薄暗く、心に浮かぶ言葉をそのまま書き留めていく。昨日の出来事や、これからやりたいこと、ふと感じた不安や期待を、評価せずにただ流していく。書くことで思考が少しずつ整理され、前向きな気持ちになれる気がする。小さな気づきを大切にしながら、今日という一日を丁寧に過ごしていきたいと思う。今日も静かな朝のひとときが訪れた。窓の外はまだ薄暗く、心に浮かぶ言葉をそのまま書き留めていく。昨日の出来事や、これからやりたいこと、ふと感じた不安や期待を、評価せずにただ流していく。書くことで思考が少しずつ整理され、前向きな気持ちになれる気がする。小さな気づきを大切にしながら、今日という一日を丁寧に過ごしていきたいと思う。今日も静かな朝のひとときが訪れた。窓の外はまだ薄暗く、心に浮かぶ言葉をそのまま書き留めていく。昨日の出来事や、これからやりたいこと、ふと感じた不安や期待を、評価せずにただ流していく。書くこと', 1067, '2026-05-31 08:00:00', '2026-05-31 08:00:00');
INSERT INTO MorningPages (user_id, entry_date, content, character_count, created_at, updated_at) VALUES ('b2757357-8ac8-4607-8a57-7ad28c944d46', '2026-06-01', '今日も静かな朝のひとときが訪れた。窓の外はまだ薄暗く、心に浮かぶ言葉をそのまま書き留めていく。昨日の出来事や、これからやりたいこと、ふと感じた不安や期待を、評価せずにただ流していく。書くことで思考が少しずつ整理され、前向きな気持ちになれる気がする。小さな気づきを大切にしながら、今日という一日を丁寧に過ごしていきたいと思う。今日も静かな朝のひとときが訪れた。窓の外はまだ薄暗く、心に浮かぶ言葉をそのまま書き留めていく。昨日の出来事や、これからやりたいこと、ふと感じた不安や期待を、評価せずにただ流していく。書くことで思考が少しずつ整理され、前向きな気持ちになれる気がする。小さな気づきを大切にしながら、今日という一日を丁寧に過ごしていきたいと思う。今日も静かな朝のひとときが訪れた。窓の外はまだ薄暗く、心に浮かぶ言葉をそのまま書き留めていく。昨日の出来事や、これからやりたいこと、ふと感じた不安や期待を、評価せずにただ流していく。書くことで思考が少しずつ整理され、前向きな気持ちになれる気がする。小さな気づきを大切にしながら、今日という一日を丁寧に過ごしていきたいと思う。今日も静かな朝のひとときが訪れた。窓の外はまだ薄暗く、心に浮かぶ言葉をそのまま書き留めていく。昨日の出来事や、これからやりたいこと、ふと感じた不安や期待を、評価せずにただ流していく。書くことで思考が少しずつ整理され、前向きな気持ちになれる気がする。小さな気づきを大切にしながら、今日という一日を丁寧に過ごしていきたいと思う。今日も静かな朝のひとときが訪れた。窓の外はまだ薄暗く、心に浮かぶ言葉をそのまま書き留めていく。昨日の出来事や、これからやりたいこと、ふと感じた不安や期待を、評価せずにただ流していく。書くことで思考が少しずつ整理され、前向きな気持ちになれる気がする。小さな気づきを大切にしながら、今日という一日を丁寧に過ごしていきたいと思う。今日も静かな朝のひとときが訪れた。窓の外はまだ薄暗く、心に浮かぶ言葉をそのまま書き留めていく。昨日の出来事や、これからやりたいこと、ふと感じた不安や期待を、評価せずにただ流していく。書くことで思考が少しずつ整理され、前向きな気持ちになれる気がする。小さな気づきを大切にしながら、今日という一日を丁寧に過ごしていきたいと思う。今日も静かな朝のひととき', 984, '2026-06-01 08:00:00', '2026-06-01 08:00:00');
INSERT INTO MorningPages (user_id, entry_date, content, character_count, created_at, updated_at) VALUES ('b2757357-8ac8-4607-8a57-7ad28c944d46', '2026-06-03', '今日も静かな朝のひとときが訪れた。窓の外はまだ薄暗く、心に浮かぶ言葉をそのまま書き留めていく。昨日の出来事や、これからやりたいこと、ふと感じた不安や期待を、評価せずにただ流していく。書くことで思考が少しずつ整理され、前向きな気持ちになれる気がする。小さな気づきを大切にしながら、今日という一日を丁寧に過ごしていきたいと思う。今日も静かな朝のひとときが訪れた。窓の外はまだ薄暗く、心に浮かぶ言葉をそのまま書き留めていく。昨日の出来事や、これからやりたいこと、ふと感じた不安や期待を、評価せずにただ流していく。書くことで思考が少しずつ整理され、前向きな気持ちになれる気がする。小さな気づきを大切にしながら、今日という一日を丁寧に過ごしていきたいと思う。今日も静かな朝のひとときが訪れた。窓の外はまだ薄暗く、心に浮かぶ言葉をそのまま書き留めていく。昨日の出来事や、これからやりたいこと、ふと感じた不安や期待を、評価せずにただ流していく。書くことで思考が少しずつ整理され、前向きな気持ちになれる気がする。小さな気づきを大切にしながら、今日という一日を丁寧に過ごしていきたいと思う。今日も静かな朝のひとときが訪れた。窓の外はまだ薄暗く、心に浮かぶ言葉をそのまま書き留めていく。昨日の出来事や、これからやりたいこと、ふと感じた不安や期待を、評価せずにただ流していく。書くことで思考が少しずつ整理され、前向きな気持ちになれる気がする。小さな気づきを大切にしながら、今日という一日を丁寧に過ごしていきたいと思う。今日も静かな朝のひとときが訪れた。窓の外はまだ薄暗く、心に浮かぶ言葉をそのまま書き留めていく。昨日の出来事や、これからやりたいこと、ふと感じた不安や期待を、評価せずにただ流していく。書くことで思考が少しずつ整理され、前向きな気持ちになれる気がする。小さな気づきを大切にしながら、今日という一日を丁寧に過ごしていきたいと思う。今日も静かな朝のひとときが訪れた。窓の外はまだ薄暗く、心に浮かぶ言葉をそのまま書き留めていく。昨日の出来事や、これからやりたいこと、ふと感じた不安や期待を、評価せずにただ流していく。書くことで思考が少しずつ整理され、前向きな気持ちになれる気がする。小さな気づきを大切にしながら、今日という一日を丁寧に過ごしていきたいと思う。今日も静かな朝のひとときが訪れた。窓の外はまだ薄暗く、心に浮かぶ言葉をそのまま書き留めていく。昨日の出来事や、これからやりたいこと、ふと感じた不安や期待を、評価せずにただ流していく。書', 1064, '2026-06-03 08:00:00', '2026-06-03 08:00:00');
INSERT INTO MorningPages (user_id, entry_date, content, character_count, created_at, updated_at) VALUES ('b2757357-8ac8-4607-8a57-7ad28c944d46', '2026-06-04', '今日も静かな朝のひとときが訪れた。窓の外はまだ薄暗く、心に浮かぶ言葉をそのまま書き留めていく。昨日の出来事や、これからやりたいこと、ふと感じた不安や期待を、評価せずにただ流していく。書くことで思考が少しずつ整理され、前向きな気持ちになれる気がする。小さな気づきを大切にしながら、今日という一日を丁寧に過ごしていきたいと思う。今日も静かな朝のひとときが訪れた。窓の外はまだ薄暗く、心に浮かぶ言葉をそのまま書き留めていく。昨日の出来事や、これからやりたいこと、ふと感じた不安や期待を、評価せずにただ流していく。書くことで思考が少しずつ整理され、前向きな気持ちになれる気がする。小さな気づきを大切にしながら、今日という一日を丁寧に過ごしていきたいと思う。今日も静かな朝のひとときが訪れた。窓の外はまだ薄暗く、心に浮かぶ言葉をそのまま書き留めていく。昨日の出来事や、これからやりたいこと、ふと感じた不安や期待を、評価せずにただ流していく。書くことで思考が少しずつ整理され、前向きな気持ちになれる気がする。小さな気づきを大切にしながら、今日という一日を丁寧に過ごしていきたいと思う。今日も静かな朝のひとときが訪れた。窓の外はまだ薄暗く、心に浮かぶ言葉をそのまま書き留めていく。昨日の出来事や、これからやりたいこと、ふと感じた不安や期待を、評価せずにただ流していく。書くことで思考が少しずつ整理され、前向きな気持ちになれる気がする。小さな気づきを大切にしながら、今日という一日を丁寧に過ごしていきたいと思う。今日も静かな朝のひとときが訪れた。窓の外はまだ薄暗く、心に浮かぶ言葉をそのまま書き留めていく。昨日の出来事や、これからやりたいこと、ふと感じた不安や期待を、評価せずにただ流していく。書くことで思考が少しずつ整理され、前向きな気持ちになれる気がする。小さな気づきを大切にしながら、今日という一日を丁寧に過ごしていきたいと思う。今日も静かな朝のひとときが訪れた。窓の外はまだ薄暗く、心に浮かぶ言葉をそのまま書き留めていく。昨日の出来事や、これからやりたいこと、ふと感じた不安や期待を、評価せずにただ流していく。書くことで思考が少しずつ整理され、前向きな気持ちになれる気がする。小さな気づきを大切にしながら、今日という一日を丁寧に過ごしていきたいと思う。今日も静かな朝のひとときが訪れた。窓の外はまだ薄暗く、心に浮かぶ言葉をそのまま書き留めていく。昨日の出来事や、これからやりたいこと、ふと感じた不安や期待を、評価せずにただ流していく。書くことで思考が少しずつ', 1075, '2026-06-04 08:00:00', '2026-06-04 08:00:00');
INSERT INTO MorningPages (user_id, entry_date, content, character_count, created_at, updated_at) VALUES ('b2757357-8ac8-4607-8a57-7ad28c944d46', '2026-06-05', '今日も静かな朝のひとときが訪れた。窓の外はまだ薄暗く、心に浮かぶ言葉をそのまま書き留めていく。昨日の出来事や、これからやりたいこと、ふと感じた不安や期待を、評価せずにただ流していく。書くことで思考が少しずつ整理され、前向きな気持ちになれる気がする。小さな気づきを大切にしながら、今日という一日を丁寧に過ごしていきたいと思う。今日も静かな朝のひとときが訪れた。窓の外はまだ薄暗く、心に浮かぶ言葉をそのまま書き留めていく。昨日の出来事や、これからやりたいこと、ふと感じた不安や期待を、評価せずにただ流していく。書くことで思考が少しずつ整理され、前向きな気持ちになれる気がする。小さな気づきを大切にしながら、今日という一日を丁寧に過ごしていきたいと思う。今日も静かな朝のひとときが訪れた。窓の外はまだ薄暗く、心に浮かぶ言葉をそのまま書き留めていく。昨日の出来事や、これからやりたいこと、ふと感じた不安や期待を、評価せずにただ流していく。書くことで思考が少しずつ整理され、前向きな気持ちになれる気がする。小さな気づきを大切にしながら、今日という一日を丁寧に過ごしていきたいと思う。今日も静かな朝のひとときが訪れた。窓の外はまだ薄暗く、心に浮かぶ言葉をそのまま書き留めていく。昨日の出来事や、これからやりたいこと、ふと感じた不安や期待を、評価せずにただ流していく。書くことで思考が少しずつ整理され、前向きな気持ちになれる気がする。小さな気づきを大切にしながら、今日という一日を丁寧に過ごしていきたいと思う。今日も静かな朝のひとときが訪れた。窓の外はまだ薄暗く、心に浮かぶ言葉をそのまま書き留めていく。昨日の出来事や、これからやりたいこと、ふと感じた不安や期待を、評価せずにただ流していく。書くことで思考が少しずつ整理され、前向きな気持ちになれる気がする。小さな気づきを大切にしながら、今日という一日を丁寧に過ごしていきたいと思う。今日も静かな朝のひとときが訪れた。窓の外はまだ薄暗く、心に浮かぶ言葉をそのまま書き留めていく。昨日の出来事や、これからやりたいこと、ふと感じた不安や期待を、評価せずにただ流していく。書くことで思考が少しずつ整理され、前向きな気持ちになれる気がする。小さな気づきを大切にしながら、今日という一日を丁寧に過ごしていきたいと思う。今日も静かな朝のひとときが訪れた。窓の外はまだ薄暗く、心に浮かぶ言葉をそのまま書き留めていく。昨日の出来事や、これからやりたいこと、ふと感じた不安や期待を、評価せずにただ流していく。書くことで思考が少しずつ整理され、前向きな気持', 1086, '2026-06-05 08:00:00', '2026-06-05 08:00:00');
INSERT INTO MorningPages (user_id, entry_date, content, character_count, created_at, updated_at) VALUES ('b2757357-8ac8-4607-8a57-7ad28c944d46', '2026-06-07', '今日も静かな朝のひとときが訪れた。窓の外はまだ薄暗く、心に浮かぶ言葉をそのまま書き留めていく。昨日の出来事や、これからやりたいこと、ふと感じた不安や期待を、評価せずにただ流していく。書くことで思考が少しずつ整理され、前向きな気持ちになれる気がする。小さな気づきを大切にしながら、今日という一日を丁寧に過ごしていきたいと思う。今日も静かな朝のひとときが訪れた。窓の外はまだ薄暗く、心に浮かぶ言葉をそのまま書き留めていく。昨日の出来事や、これからやりたいこと、ふと感じた不安や期待を、評価せずにただ流していく。書くことで思考が少しずつ整理され、前向きな気持ちになれる気がする。小さな気づきを大切にしながら、今日という一日を丁寧に過ごしていきたいと思う。今日も静かな朝のひとときが訪れた。窓の外はまだ薄暗く、心に浮かぶ言葉をそのまま書き留めていく。昨日の出来事や、これからやりたいこと、ふと感じた不安や期待を、評価せずにただ流していく。書くことで思考が少しずつ整理され、前向きな気持ちになれる気がする。小さな気づきを大切にしながら、今日という一日を丁寧に過ごしていきたいと思う。今日も静かな朝のひとときが訪れた。窓の外はまだ薄暗く、心に浮かぶ言葉をそのまま書き留めていく。昨日の出来事や、これからやりたいこと、ふと感じた不安や期待を、評価せずにただ流していく。書くことで思考が少しずつ整理され、前向きな気持ちになれる気がする。小さな気づきを大切にしながら、今日という一日を丁寧に過ごしていきたいと思う。今日も静かな朝のひとときが訪れた。窓の外はまだ薄暗く、心に浮かぶ言葉をそのまま書き留めていく。昨日の出来事や、これからやりたいこと、ふと感じた不安や期待を、評価せずにただ流していく。書くことで思考が少しずつ整理され、前向きな気持ちになれる気がする。小さな気づきを大切にしながら、今日という一日を丁寧に過ごしていきたいと思う。今日も静かな朝のひとときが訪れた。窓の外はまだ薄暗く、心に浮かぶ言葉をそのまま書き留めていく。昨日の出来事や、これからやりたいこと、ふと感じた不安や期待を、評価せずにただ流していく。書くことで思考が少しずつ整理され、前向きな気持ちになれる気がする。小さな気づきを大切にしながら、今日という一日を丁寧に過ごしていきたいと思う。今日も静かな朝のひとときが訪れた。窓の外はまだ薄暗く、心に浮かぶ言葉をそのまま書き留めていく', 1018, '2026-06-07 08:00:00', '2026-06-07 08:00:00');
INSERT INTO MorningPages (user_id, entry_date, content, character_count, created_at, updated_at) VALUES ('b2757357-8ac8-4607-8a57-7ad28c944d46', '2026-06-09', '今日も静かな朝のひとときが訪れた。窓の外はまだ薄暗く、心に浮かぶ言葉をそのまま書き留めていく。昨日の出来事や、これからやりたいこと、ふと感じた不安や期待を、評価せずにただ流していく。書くことで思考が少しずつ整理され、前向きな気持ちになれる気がする。小さな気づきを大切にしながら、今日という一日を丁寧に過ごしていきたいと思う。今日も静かな朝のひとときが訪れた。窓の外はまだ薄暗く、心に浮かぶ言葉をそのまま書き留めていく。昨日の出来事や、これからやりたいこと、ふと感じた不安や期待を、評価せずにただ流していく。書くことで思考が少しずつ整理され、前向きな気持ちになれる気がする。小さな気づきを大切にしながら、今日という一日を丁寧に過ごしていきたいと思う。今日も静かな朝のひとときが訪れた。窓の外はまだ薄暗く、心に浮かぶ言葉をそのまま書き留めていく。昨日の出来事や、これからやりたいこと、ふと感じた不安や期待を、評価せずにただ流していく。書くことで思考が少しずつ整理され、前向きな気持ちになれる気がする。小さな気づきを大切にしながら、今日という一日を丁寧に過ごしていきたいと思う。今日も静かな朝のひとときが訪れた。窓の外はまだ薄暗く、心に浮かぶ言葉をそのまま書き留めていく。昨日の出来事や、これからやりたいこと、ふと感じた不安や期待を、評価せずにただ流していく。書くことで思考が少しずつ整理され、前向きな気持ちになれる気がする。小さな気づきを大切にしながら、今日という一日を丁寧に過ごしていきたいと思う。今日も静かな朝のひとときが訪れた。窓の外はまだ薄暗く、心に浮かぶ言葉をそのまま書き留めていく。昨日の出来事や、これからやりたいこと、ふと感じた不安や期待を、評価せずにただ流していく。書くことで思考が少しずつ整理され、前向きな気持ちになれる気がする。小さな気づきを大切にしながら、今日という一日を丁寧に過ごしていきたいと思う。今日も静かな朝のひとときが訪れた。窓の外はまだ薄暗く、心に浮かぶ言葉をそのまま書き留めていく。昨日の出来事や、これからやりたいこと、ふと感じた不安や期待を、評価せずにただ流していく。書くことで思考が少しずつ整理され、前向きな気持ちになれる気がする。小さな気づきを大切にしながら、今日という一日を丁寧に過ごしていきたいと思う。今日も静かな朝のひとときが訪れた。窓の外はまだ薄暗く、心に浮かぶ言葉をそのまま書き留めていく。昨日の出来事や、これからやりたいこと、ふと', 1040, '2026-06-09 08:00:00', '2026-06-09 08:00:00');
INSERT INTO MorningPages (user_id, entry_date, content, character_count, created_at, updated_at) VALUES ('b2757357-8ac8-4607-8a57-7ad28c944d46', '2026-06-10', '今日も静かな朝のひとときが訪れた。窓の外はまだ薄暗く、心に浮かぶ言葉をそのまま書き留めていく。昨日の出来事や、これからやりたいこと、ふと感じた不安や期待を、評価せずにただ流していく。書くことで思考が少しずつ整理され、前向きな気持ちになれる気がする。小さな気づきを大切にしながら、今日という一日を丁寧に過ごしていきたいと思う。今日も静かな朝のひとときが訪れた。窓の外はまだ薄暗く、心に浮かぶ言葉をそのまま書き留めていく。昨日の出来事や、これからやりたいこと、ふと感じた不安や期待を、評価せずにただ流していく。書くことで思考が少しずつ整理され、前向きな気持ちになれる気がする。小さな気づ', 291, '2026-06-10 08:00:00', '2026-06-10 08:00:00');
INSERT INTO MorningPages (user_id, entry_date, content, character_count, created_at, updated_at) VALUES ('b2757357-8ac8-4607-8a57-7ad28c944d46', '2026-06-13', '今日も静かな朝のひとときが訪れた。窓の外はまだ薄暗く、心に浮かぶ言葉をそのまま書き留めていく。昨日の出来事や、これからやりたいこと、ふと感じた不安や期待を、評価せずにただ流していく。書くことで思考が少しずつ整理され、前向きな気持ちになれる気がする。小さな気づきを大切にしながら、今日という一日を丁寧に過ごしていきたいと思う。今日も静かな朝のひとときが訪れた。窓の外はまだ薄暗く、心に浮かぶ言葉をそのまま書き留めていく。昨日の出来事や、これからやりたいこと、ふと感じた不安や期待を、評価せずにただ流していく。書くことで思考が少しずつ整理され、前向きな気持ちになれる気がする。小さな気づきを大', 294, '2026-06-13 08:00:00', '2026-06-13 08:00:00');
INSERT INTO MorningPages (user_id, entry_date, content, character_count, created_at, updated_at) VALUES ('b2757357-8ac8-4607-8a57-7ad28c944d46', '2026-06-17', '今日も静かな朝のひとときが訪れた。窓の外はまだ薄暗く、心に浮かぶ言葉をそのまま書き留めていく。昨日の出来事や、これからやりたいこと、ふと感じた不安や期待を、評価せずにただ流していく。書くことで思考が少しずつ整理され、前向きな気持ちになれる気がする。小さな気づきを大切にしながら、今日という一日を丁寧に過ごしていきたいと思う。今日も静かな朝のひとときが訪れた。窓の外はまだ薄暗く、心に浮かぶ言葉をそのまま書き留めていく。昨日の出来事や、これからやりたいこと、ふと感じた不安や期待を、評価せずにただ流していく。書くことで思考が少しずつ整理され、前向きな気持ちになれる気がする。小さな気づきを大切にしながら、今日という一日を丁', 310, '2026-06-17 08:00:00', '2026-06-17 08:00:00');
INSERT INTO MorningPages (user_id, entry_date, content, character_count, created_at, updated_at) VALUES ('18550a58-b9a5-4fb2-bfdb-578670673142', '2026-06-13', 'あ', 1, '2026-06-13 08:00:00', '2026-06-13 08:00:00');
INSERT INTO MorningPages (user_id, entry_date, content, character_count, created_at, updated_at) VALUES ('18550a58-b9a5-4fb2-bfdb-578670673142', '2026-06-14', ' 
 ', 3, '2026-06-14 08:00:00', '2026-06-14 08:00:00');
INSERT INTO MorningPages (user_id, entry_date, content, character_count, created_at, updated_at) VALUES ('18550a58-b9a5-4fb2-bfdb-578670673142', '2026-06-15', '今日も静かな朝のひとときが訪れた。窓の外はまだ薄暗く、心に浮かぶ言葉をそのまま書き留めていく。昨日の出来事や、これからやりたいこと、ふと感じた不安や期待を、評価せずにただ流していく。書くことで思考が少しずつ整理され、前向きな気持ちになれる気がする。小さな気づきを大切にしながら、今日という一日を丁寧に過ごしていきたいと思う。今日も静かな朝のひとときが訪れた。窓の外はまだ薄暗く、心に浮かぶ言葉をそのまま書き留めていく。昨日の出来事や、これからやりたいこと、ふと感じた不安や期待を、評価せずにただ流していく。書くことで思考が少しずつ整理され、前向きな気持ちになれる気がする。小さな気づきを大切にしながら、今日という一日を丁寧に過ごしていきたいと思う。今日も静かな朝のひとときが訪れた。窓の外はまだ薄暗く、心に浮かぶ言葉をそのまま書き留めていく。昨日の出来事や、これからやりたいこと、ふと感じた不安や期待を、評価せずにただ流していく。書くことで思考が少しずつ整理され、前向きな気持ちになれる気がする。小さな気づきを大切にしながら、今日という一日を丁寧に過ごしていきたいと思う。今日も静かな朝のひとときが訪れた。窓の外はまだ薄暗く、心に浮かぶ言葉をそのまま書き留めていく。昨日の出来事や、これからやりたいこと、ふと感じた不安や期待を、評価せずにただ流していく。書くことで思考が少しずつ整理され、前向きな気持ちになれる気がする。小さな気づきを大切にしながら、今日という一日を丁寧に過ごしていきたいと思う。今日も静かな朝のひとときが訪れた。窓の外はまだ薄暗く、心に浮かぶ言葉をそのまま書き留めていく。昨日の出来事や、これからやりたいこと、ふと感じた不安や期待を、評価せずにただ流していく。書くことで思考が少しずつ整理され、前向きな気持ちになれる気がする。小さな気づきを大切にしながら、今日という一日を丁寧に過ごしていきたいと思う。今日も静かな朝のひとときが訪れた。窓の外はまだ薄暗く、心に浮かぶ言葉をそのまま書き留めていく。昨日の出来事や、これからやりたいこと、ふと感じた不安や期待を、評価せずにただ流していく。書くことで思考が少しずつ整理され、前向きな気持ちになれる気がする。小さな気づきを大切にしながら、今日という一日を丁寧に過ごしていきたいと思う。今日も静かな朝のひとときが訪れた。窓の外はまだ薄暗く、心に浮かぶ言葉をそのまま書き留めていく。昨日の出来事や、これからやりたいこと、ふと感じた不安や期待を、評価せずにただ流していく。書くことで思考が少しずつ整理され、前向きな気持ちになれる気がする。小さな気づきを大切にしながら、今日という一日を丁寧に過ごしていきたいと思う。今日も静かな朝のひとときが訪れた。窓の外はまだ薄暗く、心に浮かぶ言葉をそのまま書き留めていく。昨日の出来事や、これからやりたいこと、ふと感じた不安や期待を、評価せずにただ流していく。書くことで思考が少しずつ整理され、前向きな気持ちになれる気がする。小さな気づきを大切にしながら、今日という一日を丁寧に過ごしていきたいと思う。今日も静かな朝のひとときが訪れた。窓の外はまだ薄暗く、心に浮かぶ言葉をそのまま書き留めていく。昨日の出来事や、これからやりたいこと、ふと感じた不安や期待を、評価せずにただ流していく。書くことで思考が少しずつ整理され、前向きな気持ちになれる気がする。小さな気づきを大切にしながら、今日という一日を丁寧に過ごしていきたいと思う。今日も静かな朝のひとときが訪れた。窓の外はまだ薄暗く、心に浮かぶ言葉をそのまま書き留めていく。昨日の出来事や、これからやりたいこと、ふと感じた不安や期待を、評価せずにただ流していく。書くことで思考が少しずつ整理され、前向きな気持ちになれる気がする。小さな気づきを大切にしながら、今日という一日を丁寧に過ごしていきたいと思う。今日も静かな朝のひとときが訪れた。窓の外はまだ薄暗く、心に浮かぶ言葉をそのまま書き留めていく。昨日の出来事や、これからやりたいこと、ふと感じた不安や期待を、評価せずにただ流していく。書くことで思考が少しずつ整理され、前向きな気持ちになれる気がする。小さな気づきを大切にしながら、今日という一日を丁寧に過ごしていきたいと思う。今日も静かな朝のひとときが訪れた。窓の外はまだ薄暗く、心に浮かぶ言葉をそのまま書き留めていく。昨日の出来事や、これからやりたいこと、ふと感じた不安や期待を、評価せずにただ流していく。書くことで思考が少しずつ整理され、前向きな気持ちになれる気がする。小さな気づきを大切にしながら、今日という一日を丁寧に過ごしていきたいと思う。今日も静かな朝のひとときが訪れた。窓の外はまだ薄暗く、心に浮かぶ言葉をそのまま書き留めていく。昨日の出来事や、これからやりたいこと、ふと感じた不安や期待を、評価せずにただ流していく。書くことで思考が少しずつ整理され、前向きな気持ちになれる気がする。小さな気づきを大切にしながら、今日という一日を丁寧に過ごしていきたいと思う。今日も静かな朝のひとときが訪れた。窓の外はまだ薄暗く、心に浮かぶ言葉をそのまま書き留めていく。昨日の出来事や、これからやりたいこと、ふと感じた不安や期待を、評価せずにただ流していく。書くことで思考が少しずつ整理され、前向きな気持ちになれる気がする。小さな気づきを大切にしながら、今日という一日を丁寧に過ごしていきたいと思う。今日も静かな朝のひとときが訪れた。窓の外はまだ薄暗く、心に浮かぶ言葉をそのまま書き留めていく。昨日の出来事や、これからやりたいこと、ふと感じた不安や期待を、評価せずにただ流していく。書くことで思考が少しずつ整理され、前向きな気持ちになれる気がする。小さな気づきを大切にしながら、今日という一日を丁寧に過ごしていきたいと思う。今日も静かな朝のひとときが訪れた。窓の外はまだ薄暗く、心に浮かぶ言葉をそのまま書き留めていく。昨日の出来事や、これからやりたいこと、ふと感じた不安や期待を、評価せずにただ流していく。書くことで思考が少しずつ整理され、前向きな気持ちになれる気がする。小さな気づきを大切にしながら、今日という一日を丁寧に過ごしていきたいと思う。今日も静かな朝のひとときが訪れた。窓の外はまだ薄暗く、心に浮かぶ言葉をそのまま書き留めていく。昨日の出来事や、これからやりたいこと、ふと感じた不安や期待を、評価せずにただ流していく。書くことで思考が少しずつ整理され、前向きな気持ちになれる気がする。小さな気づきを大切にしながら、今日という一日を丁寧に過ごしていきたいと思う。今日も静かな朝のひとときが訪れた。窓の外はまだ薄暗く、心に浮かぶ言葉をそのまま書き留めていく。昨日の出来事や、これからやりたいこと、ふと感じた不安や期待を、評価せずにただ流していく。書くことで思考が少しずつ整理され、前向きな気持ちになれる気がする。小さな気づきを大切にしながら、今日という一日を丁寧に過ごしていきたいと思う。今日も静かな朝のひとときが訪れた。窓の外はまだ薄暗く、心に浮かぶ言葉をそのまま書き留めていく。昨日の出来事や、これからやりたいこと、ふと感じた不安や期待を、評価せずにただ流していく。書くことで思考が少しずつ整理され、前向きな気持ちになれる気がする。小さな気づきを大切にしながら、今日という一日を丁寧に過ごしていきたいと思う。今日も静かな朝のひとときが訪れた。窓の外はまだ薄暗く、心に浮かぶ言葉をそのまま書き留めていく。昨日の出来事や、これからやりたいこと、ふと感じた不安や期待を、評価せずにただ流していく。書くことで思考が少しずつ整理され、前向きな気持ちになれる気がする。小さな気づきを大切にしながら、今日という一日を丁寧に過ごしていきたいと思う。今日も静かな朝のひとときが訪れた。窓の外はまだ薄暗く、心に浮かぶ言葉をそのまま書き留めていく。昨日の出来事や、これからやりたいこと、ふと感じた不安や期待を、評価せずにただ流していく。書くことで思考が少しずつ整理され、前向きな気持ちになれる気がする。小さな気づきを大切にしながら、今日という一日を丁寧に過ごしていきたいと思う。今日も静かな朝のひとときが訪れた。窓の外はまだ薄暗く、心に浮かぶ言葉をそのまま書き留めていく。昨日の出来事や、これからやりたいこと、ふと感じた不安や期待を、評価せずにただ流していく。書くことで思考が少しずつ整理され、前向きな気持ちになれる気がする。小さな気づきを大切にしながら、今日という一日を丁寧に過ごしていきたいと思う。今日も静かな朝のひとときが訪れた。窓の外はまだ薄暗く、心に浮かぶ言葉をそのまま書き留めていく。昨日の出来事や、これからやりたいこと、ふと感じた不安や期待を、評価せずにただ流していく。書くことで思考が少しずつ整理され、前向きな気持ちになれる気がする。小さな気づきを大切にしながら、今日という一日を丁寧に過ごしていきたいと思う。今日も静かな朝のひとときが訪れた。窓の外はまだ薄暗く、心に浮かぶ言葉をそのまま書き留めていく。昨日の出来事や、これからやりたいこと、ふと感じた不安や期待を、評価せずにただ流していく。書くことで思考が少しずつ整理され、前向きな気持ちになれる気がする。小さな気づきを大切にしながら、今日という一日を丁寧に過ごしていきたいと思う。今日も静かな朝のひとときが訪れた。窓の外はまだ薄暗く、心に浮かぶ言葉をそのまま書き留めていく。昨日の出来事や、これからやりたいこと、ふと感じた不安や期待を、評価せずにただ流していく。書くことで思考が少しずつ整理され、前向きな気持ちになれる気がする。小さな気づきを大切にしながら、今日という一日を丁寧に過ごしていきたいと思う。今日も静かな朝のひとときが訪れた。窓の外はまだ薄暗く、心に浮かぶ言葉をそのまま書き留めていく。昨日の出来事や、これからやりたいこと、ふと感じた不安や期待を、評価せずにただ流していく。書くことで思考が少しずつ整理され、前向きな気持ちになれる気がする。小さな気づきを大切にしながら、今日という一日を丁寧に', 4200, '2026-06-15 08:00:00', '2026-06-15 08:00:00');
INSERT INTO MorningPages (user_id, entry_date, content, character_count, created_at, updated_at) VALUES ('18550a58-b9a5-4fb2-bfdb-578670673142', '2026-06-16', '今日も静かな朝のひとときが訪れた。窓の外はまだ薄暗く、心に浮かぶ言葉をそのまま書き留めていく。昨日の出来事', 53, '2026-06-16 08:00:00', '2026-06-16 08:00:00');
INSERT INTO MorningPages (user_id, entry_date, content, character_count, created_at, updated_at) VALUES ('18550a58-b9a5-4fb2-bfdb-578670673142', '2026-06-17', '今日も静かな朝のひとときが訪れた。窓の外はまだ薄暗く、心に浮かぶ言葉をそのまま書き留めていく。昨日の出来事や', 54, '2026-06-17 08:00:00', '2026-06-17 08:00:00');
INSERT INTO MorningPages (user_id, entry_date, content, character_count, created_at, updated_at) VALUES ('18550a58-b9a5-4fb2-bfdb-578670673142', '2026-06-18', '今日も静かな朝のひとときが訪れた。窓の外はまだ薄暗く、心に浮かぶ言葉をそのまま書き留めていく。昨日の出来事や、', 55, '2026-06-18 08:00:00', '2026-06-18 08:00:00');
INSERT INTO MorningPages (user_id, entry_date, content, character_count, created_at, updated_at) VALUES ('18550a58-b9a5-4fb2-bfdb-578670673142', '2026-06-19', '今日も静かな朝のひとときが訪れた。窓の外はまだ薄暗く、心に浮かぶ言葉をそのまま書き留めていく。昨日の出来事や、こ', 56, '2026-06-19 08:00:00', '2026-06-19 08:00:00');
INSERT INTO MorningPages (user_id, entry_date, content, character_count, created_at, updated_at) VALUES ('18550a58-b9a5-4fb2-bfdb-578670673142', '2026-06-20', '今日も静かな朝のひとときが訪れた。窓の外はまだ薄暗く、心に浮かぶ言葉をそのまま書き留めていく。昨日の出来事や、これ', 57, '2026-06-20 08:00:00', '2026-06-20 08:00:00');
INSERT INTO MorningPages (user_id, entry_date, content, character_count, created_at, updated_at) VALUES ('18550a58-b9a5-4fb2-bfdb-578670673142', '2026-06-21', '今日も静かな朝のひとときが訪れた。窓の外はまだ薄暗く、心に浮かぶ言葉をそのまま書き留めていく。昨日の出来事や、これか', 58, '2026-06-21 08:00:00', '2026-06-21 08:00:00');
INSERT INTO MorningPages (user_id, entry_date, content, character_count, created_at, updated_at) VALUES ('18550a58-b9a5-4fb2-bfdb-578670673142', '2026-06-22', '今日も静かな朝のひとときが訪れた。窓の外はまだ薄暗く、心に浮かぶ言葉をそのまま書き留めていく。昨日の出来事や、これから', 59, '2026-06-22 08:00:00', '2026-06-22 08:00:00');
INSERT INTO MorningPages (user_id, entry_date, content, character_count, created_at, updated_at) VALUES ('18550a58-b9a5-4fb2-bfdb-578670673142', '2026-06-23', '今日も静かな朝のひとときが訪れた。窓の外はまだ薄暗く、心に浮かぶ言葉をそのまま書き留めていく。昨日の出来事や、これからや', 60, '2026-06-23 08:00:00', '2026-06-23 08:00:00');
INSERT INTO MorningPages (user_id, entry_date, content, character_count, created_at, updated_at) VALUES ('18550a58-b9a5-4fb2-bfdb-578670673142', '2026-06-24', '今日も静かな朝のひとときが訪れた。窓の外はまだ薄暗く、心に浮かぶ言葉をそのまま書き留めていく。昨日の出来事や、これからやり', 61, '2026-06-24 08:00:00', '2026-06-24 08:00:00');
INSERT INTO MorningPages (user_id, entry_date, content, character_count, created_at, updated_at) VALUES ('18550a58-b9a5-4fb2-bfdb-578670673142', '2026-06-25', '今日も静かな朝のひとときが訪れた。窓の外はまだ薄暗く、心に浮かぶ言葉をそのまま書き留めていく。昨日の出来事や、これからやりた', 62, '2026-06-25 08:00:00', '2026-06-25 08:00:00');
INSERT INTO MorningPages (user_id, entry_date, content, character_count, created_at, updated_at) VALUES ('18550a58-b9a5-4fb2-bfdb-578670673142', '2026-06-26', '今日も静かな朝のひとときが訪れた。窓の外はまだ薄暗く、心に浮かぶ言葉をそのまま書き留めていく。昨日の出来事や、これからやりたい', 63, '2026-06-26 08:00:00', '2026-06-26 08:00:00');
INSERT INTO MorningPages (user_id, entry_date, content, character_count, created_at, updated_at) VALUES ('18550a58-b9a5-4fb2-bfdb-578670673142', '2026-06-27', '今日も静かな朝のひとときが訪れた。窓の外はまだ薄暗く、心に浮かぶ言葉をそのまま書き留めていく。昨日の出来事や、これからやりたいこ', 64, '2026-06-27 08:00:00', '2026-06-27 08:00:00');
INSERT INTO MorningPages (user_id, entry_date, content, character_count, created_at, updated_at) VALUES ('00fb977a-b868-40bc-b67c-517d24e49ec7', '2026-04-04', '今日も静かな朝のひとときが訪れた。窓の外はまだ薄暗く、心に浮かぶ言葉をそのまま書き留めていく。昨日の出来事や、これからやりたいこと、ふと感じた不安や期待を、評価せずにただ流していく。書くことで思考が少しずつ整理され、前向きな気持ちになれる気がする。小さな気づきを大切にしながら、今日という一日を丁寧に過ごしていきたいと思う。今日も静かな朝のひとときが訪れた。窓の外はまだ薄暗く、心に浮かぶ言葉をそのまま書き留めていく。昨日の出来事や、これからやりたいこと、ふと感じた不安や期待を、評価せずにただ流していく。書くことで思考が少しずつ整理され、前向きな気持ちになれる気がする。小さな気づきを大切にしながら、今日という一日を丁寧に過ごしていきたいと思う。今日も静かな朝のひとときが訪れた。窓の外はまだ薄暗く、心に浮かぶ言葉をそのまま書き留めていく。昨日の出来事や、これからやりたいこと、ふと感じた不安や期待を、評価せずにただ流していく。書くことで思考が少しずつ整理され、前向きな気持ちになれる気がする。小さな気づきを大切にしながら、今日という一日を丁寧に過ごしていきたいと思う。今日も静かな朝のひとときが訪れた。窓の外はまだ薄暗く、心に浮かぶ言葉をそのまま書き留めていく。昨日の出来事や、これからやりたいこと、ふと感じた不安や期待を、評価せずにただ流していく。書くことで思考が少しずつ整理され、前向きな気持ちになれる気がする。小さな気づきを大切にしながら、今日という一日を丁寧に過ごしていきたいと思う。今日も静かな朝のひとときが訪れた。窓の外はまだ薄暗く、心に浮かぶ言葉をそのまま書き留めていく。昨日の出来事や、これからやりたいこと、ふと感じた不安や期待を、評価せずにただ流していく。書くことで思考が少しずつ整理され、前向きな気持ちになれる気がする。小さな気づきを大切にしながら、今日という一日を丁寧に過ごしていきたいと思う。今日も静かな朝のひとときが訪れた。窓の外はまだ薄暗く、心に浮かぶ言葉をそのまま書き留めていく。昨日の出来事や、これからやりたいこと、ふと感じた不安や期待を、評価せずにただ流していく。書くことで思考が少しずつ整理され、前向きな気持ちになれる気がする。小さな気づきを大切にしながら、今日という一日を丁寧に過ごしていきたいと思う。今日も静かな朝のひとときが訪れた。窓の外はまだ薄暗く、心に浮かぶ言葉をそのまま書き留めていく。昨日の出来事や、これからやりたいこと、ふと感じた不安や期待を、評価せずにただ流していく。書くことで思考が少しずつ整理され、前向きな気持ちになれる気がする。小さな気づきを大切にしながら、今日という一日を丁寧に過ごしていきたいと思う。今日も静かな朝のひとときが訪れた。窓の外はまだ薄暗く、心に浮かぶ言葉をそのまま書き留めていく。昨日の出来事や、これからやりたいこと、', 1200, '2026-04-04 08:00:00', '2026-04-04 08:00:00');
INSERT INTO MorningPages (user_id, entry_date, content, character_count, created_at, updated_at) VALUES ('00fb977a-b868-40bc-b67c-517d24e49ec7', '2026-04-05', '今日も静かな朝のひとときが訪れた。窓の外はまだ薄暗く、心に浮かぶ言葉をそのまま書き留めていく。昨日の出来事や、これからやりたいこと、ふと感じた不安や期待を、評価せずにただ流していく。書くことで思考が少しずつ整理され、前向きな気持ちになれる気がする。小さな気づきを大切にしながら、今日という一日を丁寧に過ごしていきたいと思う。今日も静かな朝のひとときが訪れた。窓の外はまだ薄暗く、心に浮かぶ言葉をそのまま書き留めていく。昨日の出来事や、これからやりたいこと、ふと感じた不安や期待を、評価せずにただ流していく。書くことで思考が少しずつ整理され、前向きな気持ちになれる気がする。小さな気づきを大切にしながら、今日という一日を丁寧に過ごしていきたいと思う。今日も静かな朝のひとときが訪れた。窓の外はまだ薄暗く、心に浮かぶ言葉をそのまま書き留めていく。昨日の出来事や、これからやりたいこと、ふと感じた不安や期待を、評価せずにただ流していく。書くことで思考が少しずつ整理され、前向きな気持ちになれる気がする。小さな気づきを大切にしながら、今日という一日を丁寧に過ごしていきたいと思う。今日も静かな朝のひとときが訪れた。窓の外はまだ薄暗く、心に浮かぶ言葉をそのまま書き留めていく。昨日の出来事や、これからやりたいこと、ふと感じた不安や期待を、評価せずにただ流していく。書くことで思考が少しずつ整理され、前向きな気持ちになれる気がする。小さな気づきを大切にしながら、今日という一日を丁寧に過ごしていきたいと思う。今日も静かな朝のひとときが訪れた。窓の外はまだ薄暗く、心に浮かぶ言葉をそのまま書き留めていく。昨日の出来事や、これからやりたいこと、ふと感じた不安や期待を、評価せずにただ流していく。書くことで思考が少しずつ整理され、前向きな気持ちになれる気がする。小さな気づきを大切にしながら、今日という一日を丁寧に過ごしていきたいと思う。今日も静かな朝のひとときが訪れた。窓の外はまだ薄暗く、心に浮かぶ言葉をそのまま書き留めていく。昨日の出来事や、これからやりたいこと、ふと感じた不安や期待を、評価せずにただ流していく。書くことで思考が少しずつ整理され、前向きな気持ちになれる気がする。小さな気づきを大切にしながら、今日という一日を丁寧に過ごしていきたいと思う。今日も静かな朝のひとときが訪れた。窓の外はまだ薄暗く、心に浮かぶ言葉をそのまま書き留めていく。昨日の出来事や、これからやりたいこと、ふと感じた不安や期待を、評価せずにただ流していく。書くことで思考が少しずつ整理され、前向きな気持ちになれる気がする。小さな気づきを大切にしながら、今日という一日を丁寧に過ごしていきたいと思う。今日も静かな朝のひとときが訪れた。窓の外はまだ薄暗く、心に浮かぶ言葉をそのまま書き留めていく。昨日の出来事や、これからやりたいこと、ふと感じた不安', 1207, '2026-04-05 08:00:00', '2026-04-05 08:00:00');
INSERT INTO MorningPages (user_id, entry_date, content, character_count, created_at, updated_at) VALUES ('00fb977a-b868-40bc-b67c-517d24e49ec7', '2026-04-06', '今日も静かな朝のひとときが訪れた。窓の外はまだ薄暗く、心に浮かぶ言葉をそのまま書き留めていく。昨日の出来事や、これからやりたいこと、ふと感じた不安や期待を、評価せずにただ流していく。書くことで思考が少しずつ整理され、前向きな気持ちになれる気がする。小さな気づきを大切にしながら、今日という一日を丁寧に過ごしていきたいと思う。今日も静かな朝のひとときが訪れた。窓の外はまだ薄暗く、心に浮かぶ言葉をそのまま書き留めていく。昨日の出来事や、これからやりたいこと、ふと感じた不安や期待を、評価せずにただ流していく。書くことで思考が少しずつ整理され、前向きな気持ちになれる気がする。小さな気づきを大切にしながら、今日という一日を丁寧に過ごしていきたいと思う。今日も静かな朝のひとときが訪れた。窓の外はまだ薄暗く、心に浮かぶ言葉をそのまま書き留めていく。昨日の出来事や、これからやりたいこと、ふと感じた不安や期待を、評価せずにただ流していく。書くことで思考が少しずつ整理され、前向きな気持ちになれる気がする。小さな気づきを大切にしながら、今日という一日を丁寧に過ごしていきたいと思う。今日も静かな朝のひとときが訪れた。窓の外はまだ薄暗く、心に浮かぶ言葉をそのまま書き留めていく。昨日の出来事や、これからやりたいこと、ふと感じた不安や期待を、評価せずにただ流していく。書くことで思考が少しずつ整理され、前向きな気持ちになれる気がする。小さな気づきを大切にしながら、今日という一日を丁寧に過ごしていきたいと思う。今日も静かな朝のひとときが訪れた。窓の外はまだ薄暗く、心に浮かぶ言葉をそのまま書き留めていく。昨日の出来事や、これからやりたいこと、ふと感じた不安や期待を、評価せずにただ流していく。書くことで思考が少しずつ整理され、前向きな気持ちになれる気がする。小さな気づきを大切にしながら、今日という一日を丁寧に過ごしていきたいと思う。今日も静かな朝のひとときが訪れた。窓の外はまだ薄暗く、心に浮かぶ言葉をそのまま書き留めていく。昨日の出来事や、これからやりたいこと、ふと感じた不安や期待を、評価せずにただ流していく。書くことで思考が少しずつ整理され、前向きな気持ちになれる気がする。小さな気づきを大切にしながら、今日という一日を丁寧に過ごしていきたいと思う。今日も静かな朝のひとときが訪れた。窓の外はまだ薄暗く、心に浮かぶ言葉をそのまま書き留めていく。昨日の出来事や、これからやりたいこと、ふと感じた不安や期待を、評価せずにただ流していく。書くことで思考が少しずつ整理され、前向きな気持ちになれる気がする。小さな気づきを大切にしながら、今日という一日を丁寧に過ごしていきたいと思う。今日も静かな朝のひとときが訪れた。窓の外はまだ薄暗く、心に浮かぶ言葉をそのまま書き留めていく。昨日の出来事や、これからやりたいこと、ふと感じた不安や期待を、評価', 1214, '2026-04-06 08:00:00', '2026-04-06 08:00:00');
INSERT INTO MorningPages (user_id, entry_date, content, character_count, created_at, updated_at) VALUES ('00fb977a-b868-40bc-b67c-517d24e49ec7', '2026-04-07', '今日も静かな朝のひとときが訪れた。窓の外はまだ薄暗く、心に浮かぶ言葉をそのまま書き留めていく。昨日の出来事や、これからやりたいこと、ふと感じた不安や期待を、評価せずにただ流していく。書くことで思考が少しずつ整理され、前向きな気持ちになれる気がする。小さな気づきを大切にしながら、今日という一日を丁寧に過ごしていきたいと思う。今日も静かな朝のひとときが訪れた。窓の外はまだ薄暗く、心に浮かぶ言葉をそのまま書き留めていく。昨日の出来事や、これからやりたいこと、ふと感じた不安や期待を、評価せずにただ流していく。書くことで思考が少しずつ整理され、前向きな気持ちになれる気がする。小さな気づきを大切にしながら、今日という一日を丁寧に過ごしていきたいと思う。今日も静かな朝のひとときが訪れた。窓の外はまだ薄暗く、心に浮かぶ言葉をそのまま書き留めていく。昨日の出来事や、これからやりたいこと、ふと感じた不安や期待を、評価せずにただ流していく。書くことで思考が少しずつ整理され、前向きな気持ちになれる気がする。小さな気づきを大切にしながら、今日という一日を丁寧に過ごしていきたいと思う。今日も静かな朝のひとときが訪れた。窓の外はまだ薄暗く、心に浮かぶ言葉をそのまま書き留めていく。昨日の出来事や、これからやりたいこと、ふと感じた不安や期待を、評価せずにただ流していく。書くことで思考が少しずつ整理され、前向きな気持ちになれる気がする。小さな気づきを大切にしながら、今日という一日を丁寧に過ごしていきたいと思う。今日も静かな朝のひとときが訪れた。窓の外はまだ薄暗く、心に浮かぶ言葉をそのまま書き留めていく。昨日の出来事や、これからやりたいこと、ふと感じた不安や期待を、評価せずにただ流していく。書くことで思考が少しずつ整理され、前向きな気持ちになれる気がする。小さな気づきを大切にしながら、今日という一日を丁寧に過ごしていきたいと思う。今日も静かな朝のひとときが訪れた。窓の外はまだ薄暗く、心に浮かぶ言葉をそのまま書き留めていく。昨日の出来事や、これからやりたいこと、ふと感じた不安や期待を、評価せずにただ流していく。書くことで思考が少しずつ整理され、前向きな気持ちになれる気がする。小さな気づきを大切にしながら、今日という一日を丁寧に過ごしていきたいと思う。今日も静かな朝のひとときが訪れた。窓の外はまだ薄暗く、心に浮かぶ言葉をそのまま書き留めていく。昨日の出来事や、これからやりたいこと、ふと感じた不安や期待を、評価せずにただ流していく。書くことで思考が少しずつ整理され、前向きな気持ちになれる気がする。小さな気づきを大切にしながら、今日という一日を丁寧に過ごしていきたいと思う。今日も静かな朝のひとときが訪れた。窓の外はまだ薄暗く、心に浮かぶ言葉をそのまま書き留めていく。昨日の出来事や、これからやりたいこと、ふと感じた不安や期待を、評価せずにただ流し', 1221, '2026-04-07 08:00:00', '2026-04-07 08:00:00');
INSERT INTO MorningPages (user_id, entry_date, content, character_count, created_at, updated_at) VALUES ('00fb977a-b868-40bc-b67c-517d24e49ec7', '2026-04-08', '今日も静かな朝のひとときが訪れた。窓の外はまだ薄暗く、心に浮かぶ言葉をそのまま書き留めていく。昨日の出来事や、これからやりたいこと、ふと感じた不安や期待を、評価せずにただ流していく。書くことで思考が少しずつ整理され、前向きな気持ちになれる気がする。小さな気づきを大切にしながら、今日という一日を丁寧に過ごしていきたいと思う。今日も静かな朝のひとときが訪れた。窓の外はまだ薄暗く、心に浮かぶ言葉をそのまま書き留めていく。昨日の出来事や、これからやりたいこと、ふと感じた不安や期待を、評価せずにただ流していく。書くことで思考が少しずつ整理され、前向きな気持ちになれる気がする。小さな気づきを大切にしながら、今日という一日を丁寧に過ごしていきたいと思う。今日も静かな朝のひとときが訪れた。窓の外はまだ薄暗く、心に浮かぶ言葉をそのまま書き留めていく。昨日の出来事や、これからやりたいこと、ふと感じた不安や期待を、評価せずにただ流していく。書くことで思考が少しずつ整理され、前向きな気持ちになれる気がする。小さな気づきを大切にしながら、今日という一日を丁寧に過ごしていきたいと思う。今日も静かな朝のひとときが訪れた。窓の外はまだ薄暗く、心に浮かぶ言葉をそのまま書き留めていく。昨日の出来事や、これからやりたいこと、ふと感じた不安や期待を、評価せずにただ流していく。書くことで思考が少しずつ整理され、前向きな気持ちになれる気がする。小さな気づきを大切にしながら、今日という一日を丁寧に過ごしていきたいと思う。今日も静かな朝のひとときが訪れた。窓の外はまだ薄暗く、心に浮かぶ言葉をそのまま書き留めていく。昨日の出来事や、これからやりたいこと、ふと感じた不安や期待を、評価せずにただ流していく。書くことで思考が少しずつ整理され、前向きな気持ちになれる気がする。小さな気づきを大切にしながら、今日という一日を丁寧に過ごしていきたいと思う。今日も静かな朝のひとときが訪れた。窓の外はまだ薄暗く、心に浮かぶ言葉をそのまま書き留めていく。昨日の出来事や、これからやりたいこと、ふと感じた不安や期待を、評価せずにただ流していく。書くことで思考が少しずつ整理され、前向きな気持ちになれる気がする。小さな気づきを大切にしながら、今日という一日を丁寧に過ごしていきたいと思う。今日も静かな朝のひとときが訪れた。窓の外はまだ薄暗く、心に浮かぶ言葉をそのまま書き留めていく。昨日の出来事や、これからやりたいこと、ふと感じた不安や期待を、評価せずにただ流していく。書くことで思考が少しずつ整理され、前向きな気持ちになれる気がする。小さな気づきを大切にしながら、今日という一日を丁寧に過ごしていきたいと思う。今日も静かな朝のひとときが訪れた。窓の外はまだ薄暗く、心に浮かぶ言葉をそのまま書き留めていく。昨日の出来事や、これからやりたいこと、ふと感じた不安や期待を、評価せずにただ流していく。書くこ', 1228, '2026-04-08 08:00:00', '2026-04-08 08:00:00');
INSERT INTO MorningPages (user_id, entry_date, content, character_count, created_at, updated_at) VALUES ('00fb977a-b868-40bc-b67c-517d24e49ec7', '2026-04-09', '今日も静かな朝のひとときが訪れた。窓の外はまだ薄暗く、心に浮かぶ言葉をそのまま書き留めていく。昨日の出来事や、これからやりたいこと、ふと感じた不安や期待を、評価せずにただ流していく。書くことで思考が少しずつ整理され、前向きな気持ちになれる気がする。小さな気づきを大切にしながら、今日という一日を丁寧に過ごしていきたいと思う。今日も静かな朝のひとときが訪れた。窓の外はまだ薄暗く、心に浮かぶ言葉をそのまま書き留めていく。昨日の出来事や、これからやりたいこと、ふと感じた不安や期待を、評価せずにただ流していく。書くことで思考が少しずつ整理され、前向きな気持ちになれる気がする。小さな気づきを大切にしながら、今日という一日を丁寧に過ごしていきたいと思う。今日も静かな朝のひとときが訪れた。窓の外はまだ薄暗く、心に浮かぶ言葉をそのまま書き留めていく。昨日の出来事や、これからやりたいこと、ふと感じた不安や期待を、評価せずにただ流していく。書くことで思考が少しずつ整理され、前向きな気持ちになれる気がする。小さな気づきを大切にしながら、今日という一日を丁寧に過ごしていきたいと思う。今日も静かな朝のひとときが訪れた。窓の外はまだ薄暗く、心に浮かぶ言葉をそのまま書き留めていく。昨日の出来事や、これからやりたいこと、ふと感じた不安や期待を、評価せずにただ流していく。書くことで思考が少しずつ整理され、前向きな気持ちになれる気がする。小さな気づきを大切にしながら、今日という一日を丁寧に過ごしていきたいと思う。今日も静かな朝のひとときが訪れた。窓の外はまだ薄暗く、心に浮かぶ言葉をそのまま書き留めていく。昨日の出来事や、これからやりたいこと、ふと感じた不安や期待を、評価せずにただ流していく。書くことで思考が少しずつ整理され、前向きな気持ちになれる気がする。小さな気づきを大切にしながら、今日という一日を丁寧に過ごしていきたいと思う。今日も静かな朝のひとときが訪れた。窓の外はまだ薄暗く、心に浮かぶ言葉をそのまま書き留めていく。昨日の出来事や、これからやりたいこと、ふと感じた不安や期待を、評価せずにただ流していく。書くことで思考が少しずつ整理され、前向きな気持ちになれる気がする。小さな気づきを大切にしながら、今日という一日を丁寧に過ごしていきたいと思う。今日も静かな朝のひとときが訪れた。窓の外はまだ薄暗く、心に浮かぶ言葉をそのまま書き留めていく。昨日の出来事や、これからやりたいこと、ふと感じた不安や期待を、評価せずにただ流していく。書くことで思考が少しずつ整理され、前向きな気持ちになれる気がする。小さな気づきを大切にしながら、今日という一日を丁寧に過ごしていきたいと思う。今日も静かな朝のひとときが訪れた。窓の外はまだ薄暗く、心に浮かぶ言葉をそのまま書き留めていく。昨日の出来事や、これからやりたいこと、ふと感じた不安や期待を、評価せずにただ流していく。書くことで思考が少し', 1235, '2026-04-09 08:00:00', '2026-04-09 08:00:00');
INSERT INTO MorningPages (user_id, entry_date, content, character_count, created_at, updated_at) VALUES ('00fb977a-b868-40bc-b67c-517d24e49ec7', '2026-04-10', '今日も静かな朝のひとときが訪れた。窓の外はまだ薄暗く、心に浮かぶ言葉をそのまま書き留めていく。昨日の出来事や、これからやりたいこと、ふと感じた不安や期待を、評価せずにただ流していく。書くことで思考が少しずつ整理され、前向きな気持ちになれる気がする。小さな気づきを大切にしながら、今日という一日を丁寧に過ごしていきたいと思う。今日も静かな朝のひとときが訪れた。窓の外はまだ薄暗く、心に浮かぶ言葉をそのまま書き留めていく。昨日の出来事や、これからやりたいこと、ふと感じた不安や期待を、評価せずにただ流していく。書くことで思考が少しずつ整理され、前向きな気持ちになれる気がする。小さな気づきを大切にしながら、今日という一日を丁寧に過ごしていきたいと思う。今日も静かな朝のひとときが訪れた。窓の外はまだ薄暗く、心に浮かぶ言葉をそのまま書き留めていく。昨日の出来事や、これからやりたいこと、ふと感じた不安や期待を、評価せずにただ流していく。書くことで思考が少しずつ整理され、前向きな気持ちになれる気がする。小さな気づきを大切にしながら、今日という一日を丁寧に過ごしていきたいと思う。今日も静かな朝のひとときが訪れた。窓の外はまだ薄暗く、心に浮かぶ言葉をそのまま書き留めていく。昨日の出来事や、これからやりたいこと、ふと感じた不安や期待を、評価せずにただ流していく。書くことで思考が少しずつ整理され、前向きな気持ちになれる気がする。小さな気づきを大切にしながら、今日という一日を丁寧に過ごしていきたいと思う。今日も静かな朝のひとときが訪れた。窓の外はまだ薄暗く、心に浮かぶ言葉をそのまま書き留めていく。昨日の出来事や、これからやりたいこと、ふと感じた不安や期待を、評価せずにただ流していく。書くことで思考が少しずつ整理され、前向きな気持ちになれる気がする。小さな気づきを大切にしながら、今日という一日を丁寧に過ごしていきたいと思う。今日も静かな朝のひとときが訪れた。窓の外はまだ薄暗く、心に浮かぶ言葉をそのまま書き留めていく。昨日の出来事や、これからやりたいこと、ふと感じた不安や期待を、評価せずにただ流していく。書くことで思考が少しずつ整理され、前向きな気持ちになれる気がする。小さな気づきを大切にしながら、今日という一日を丁寧に過ごしていきたいと思う。今日も静かな朝のひとときが訪れた。窓の外はまだ薄暗く、心に浮かぶ言葉をそのまま書き留めていく。昨日の出来事や、これからやりたいこと、ふと感じた不安や期待を、評価せずにただ流していく。書くことで思考が少しずつ整理され、前向きな気持ちになれる気がする。小さな気づきを大切にしながら、今日という一日を丁寧に過ごしていきたいと思う。今日も静かな朝のひとときが訪れた。窓の外はまだ薄暗く、心に浮かぶ言葉をそのまま書き留めていく。昨日の出来事や、これからやりたいこと、ふと感じた不安や期待を、評価せずにただ流していく。書くことで思考が少しずつ整理され、', 1242, '2026-04-10 08:00:00', '2026-04-10 08:00:00');
INSERT INTO MorningPages (user_id, entry_date, content, character_count, created_at, updated_at) VALUES ('00fb977a-b868-40bc-b67c-517d24e49ec7', '2026-04-12', '今日も静かな朝のひとときが訪れた。窓の外はまだ薄暗く、心に浮かぶ言葉をそのまま書き留めていく。昨日の出来事や、これからやりたいこと、ふと感じた不安や期待を、評価せずにただ流していく。書くことで思考が少しずつ整理され、前向きな気持ちになれる気がする。小さな気づきを大切にしながら、今日という一日を丁寧に過ごしていきたいと思う。今日も静かな朝のひとときが訪れた。窓の外はまだ薄暗く、心に浮かぶ言葉をそのまま書き留めていく。昨日の出来事や、これからやりたいこと、ふと感じた不安や期待を、評価せずにただ流していく。書くことで思考が少しずつ整理され、前向きな気持ちになれる気がする。小さな気づきを大切にしながら、今日という一日を丁寧に過ごしていきたいと思う。今日も静かな朝のひとときが訪れた。窓の外はまだ薄暗く、心に浮かぶ言葉をそのまま書き留めていく。昨日の出来事や、これからやりたいこと、ふと感じた不安や期待を、評価せずにただ流していく。書くことで思考が少しずつ整理され、前向きな気持ちになれる気がする。小さな気づきを大切にしながら、今日という一日を丁寧に過ごしていきたいと思う。今日も静かな朝のひとときが訪れた。窓の外はまだ薄暗く、心に浮かぶ言葉をそのまま書き留めていく。昨日の出来事や、これからやりたいこと、ふと感じた不安や期待を、評価せずにただ流していく。書くことで思考が少しずつ整理され、前向きな気持ちになれる気がする。小さな気づきを大切にしながら、今日という一日を丁寧に過ごしていきたいと思う。今日も静かな朝のひとときが訪れた。窓の外はまだ薄暗く、心に浮かぶ言葉をそのまま書き留めていく。昨日の出来事や、これからやりたいこと、ふと感じた不安や期待を、評価せずにただ流していく。書くことで思考が少しずつ整理され、前向きな気持ちになれる気がする。小さな気づきを大切にしながら、今日という一日を丁寧に過ごしていきたいと思う。今日も静かな朝のひとときが訪れた。窓の外はまだ薄暗く、心に浮かぶ言葉をそのまま書き留めていく。昨日の出来事や、これからやりたいこと、ふと感じた不安や期待を、評価せずにただ流していく。書くことで思考が少しずつ整理され、前向きな気持ちになれる気がする。小さな気づきを大切にしながら、今日という一日を丁寧に過ごしていきたいと思う。今日も静かな朝のひとときが訪れた。窓の外はまだ薄暗く、心に浮かぶ言葉をそのまま書き留めていく。昨日の出来事や、これからやりたいこと、ふと感じた不安や期待を、評価せずにただ流していく。書くことで思考が少しずつ整理され、前向きな気持ちになれる気がする。小さな気づきを大切にしながら、今日という一日を丁寧に過ごしていきたいと思う。今日も静かな朝のひとときが訪れた。窓の外はまだ薄暗く、心に浮かぶ言葉をそのまま書き留めていく。昨日の出来事や、これからやりたいこと、ふと感じた不安や期待を、評価せずにただ流していく。書くことで思考が少しずつ整理され、前向きな気持ちになれる気がす', 1256, '2026-04-12 08:00:00', '2026-04-12 08:00:00');
INSERT INTO MorningPages (user_id, entry_date, content, character_count, created_at, updated_at) VALUES ('00fb977a-b868-40bc-b67c-517d24e49ec7', '2026-04-13', '今日も静かな朝のひとときが訪れた。窓の外はまだ薄暗く、心に浮かぶ言葉をそのまま書き留めていく。昨日の出来事や、これからやりたいこと、ふと感じた不安や期待を、評価せずにただ流していく。書くことで思考が少しずつ整理され、前向きな気持ちになれる気がする。小さな気づきを大切にしながら、今日という一日を丁寧に過ごしていきたいと思う。今日も静かな朝のひとときが訪れた。窓の外はまだ薄暗く、心に浮かぶ言葉をそのまま書き留めていく。昨日の出来事や、これからやりたいこと、ふと感じた不安や期待を、評価せずにただ流していく。書くことで思考が少しずつ整理され、前向きな気持ちになれる気がする。小さな気づきを大切にしながら、今日という一日を丁寧に過ごしていきたいと思う。今日も静かな朝のひとときが訪れた。窓の外はまだ薄暗く、心に浮かぶ言葉をそのまま書き留めていく。昨日の出来事や、これからやりたいこと、ふと感じた不安や期待を、評価せずにただ流していく。書くことで思考が少しずつ整理され、前向きな気持ちになれる気がする。小さな気づきを大切にしながら、今日という一日を丁寧に過ごしていきたいと思う。今日も静かな朝のひとときが訪れた。窓の外はまだ薄暗く、心に浮かぶ言葉をそのまま書き留めていく。昨日の出来事や、これからやりたいこと、ふと感じた不安や期待を、評価せずにただ流していく。書くことで思考が少しずつ整理され、前向きな気持ちになれる気がする。小さな気づきを大切にしながら、今日という一日を丁寧に過ごしていきたいと思う。今日も静かな朝のひとときが訪れた。窓の外はまだ薄暗く、心に浮かぶ言葉をそのまま書き留めていく。昨日の出来事や、これからやりたいこと、ふと感じた不安や期待を、評価せずにただ流していく。書くことで思考が少しずつ整理され、前向きな気持ちになれる気がする。小さな気づきを大切にしながら、今日という一日を丁寧に過ごしていきたいと思う。今日も静かな朝のひとときが訪れた。窓の外はまだ薄暗く、心に浮かぶ言葉をそのまま書き留めていく。昨日の出来事や、これからやりたいこと、ふと感じた不安や期待を、評価せずにただ流していく。書くことで思考が少しずつ整理され、前向きな気持ちになれる気がする。小さな気づきを大切にしながら、今日という一日を丁寧に過ごしていきたいと思う。今日も静かな朝のひとときが訪れた。窓の外はまだ薄暗く、心に浮かぶ言葉をそのまま書き留めていく。昨日の出来事や、これからやりたいこと、ふと感じた不安や期待を、評価せずにただ流していく。書くことで思考が少しずつ整理され、前向きな気持ちになれる気がする。小さな気づきを大切にしながら、今日という一日を丁寧に過ごしていきたいと思う。今日も静かな朝のひとときが訪れた。窓の外はまだ薄暗く、心に浮かぶ言葉をそのまま書き留めていく。昨日の出来事や、これからやりたいこと、ふと感じた不安や期待を、評価せずにただ流していく。書くことで思考が少しずつ整理され、前向きな気持ちになれる気がする。小さな気づ', 1263, '2026-04-13 08:00:00', '2026-04-13 08:00:00');
INSERT INTO MorningPages (user_id, entry_date, content, character_count, created_at, updated_at) VALUES ('00fb977a-b868-40bc-b67c-517d24e49ec7', '2026-04-14', '今日も静かな朝のひとときが訪れた。窓の外はまだ薄暗く、心に浮かぶ言葉をそのまま書き留めていく。昨日の出来事や、これからやりたいこと、ふと感じた不安や期待を、評価せずにただ流していく。書くことで思考が少しずつ整理され、前向きな気持ちになれる気がする。小さな気づきを大切にしながら、今日という一日を丁寧に過ごしていきたいと思う。今日も静かな朝のひとときが訪れた。窓の外はまだ薄暗く、心に浮かぶ言葉をそのまま書き留めていく。昨日の出来事や、これからやりたいこと、ふと感じた不安や期待を、評価せずにただ流していく。書くことで思考が少しずつ整理され、前向きな気持ちになれる気がする。小さな気づきを大切にしながら、今日という一日を丁寧に過ごしていきたいと思う。今日も静かな朝のひとときが訪れた。窓の外はまだ薄暗く、心に浮かぶ言葉をそのまま書き留めていく。昨日の出来事や、これからやりたいこと、ふと感じた不安や期待を、評価せずにただ流していく。書くことで思考が少しずつ整理され、前向きな気持ちになれる気がする。小さな気づきを大切にしながら、今日という一日を丁寧に過ごしていきたいと思う。今日も静かな朝のひとときが訪れた。窓の外はまだ薄暗く、心に浮かぶ言葉をそのまま書き留めていく。昨日の出来事や、これからやりたいこと、ふと感じた不安や期待を、評価せずにただ流していく。書くことで思考が少しずつ整理され、前向きな気持ちになれる気がする。小さな気づきを大切にしながら、今日という一日を丁寧に過ごしていきたいと思う。今日も静かな朝のひとときが訪れた。窓の外はまだ薄暗く、心に浮かぶ言葉をそのまま書き留めていく。昨日の出来事や、これからやりたいこと、ふと感じた不安や期待を、評価せずにただ流していく。書くことで思考が少しずつ整理され、前向きな気持ちになれる気がする。小さな気づきを大切にしながら、今日という一日を丁寧に過ごしていきたいと思う。今日も静かな朝のひとときが訪れた。窓の外はまだ薄暗く、心に浮かぶ言葉をそのまま書き留めていく。昨日の出来事や、これからやりたいこと、ふと感じた不安や期待を、評価せずにただ流していく。書くことで思考が少しずつ整理され、前向きな気持ちになれる気がする。小さな気づきを大切にしながら、今日という一日を丁寧に過ごしていきたいと思う。今日も静かな朝のひとときが訪れた。窓の外はまだ薄暗く、心に浮かぶ言葉をそのまま書き留めていく。昨日の出来事や、これからやりたいこと、ふと感じた不安や期待を、評価せずにただ流していく。書くことで思考が少しずつ整理され、前向きな気持ちになれる気がする。小さな気づきを大切にしながら、今日という一日を丁寧に過ごしていきたいと思う。今日も静かな朝のひとときが訪れた。窓の外はまだ薄暗く、心に浮かぶ言葉をそのまま書き留めていく。昨日の出来事や、これからやりたいこと、ふと感じた不安や期待を、評価せずにただ流していく。書くことで思考が少しずつ整理され、前向きな気持ちになれる気がする。小さな気づきを大切にしな', 1270, '2026-04-14 08:00:00', '2026-04-14 08:00:00');
INSERT INTO MorningPages (user_id, entry_date, content, character_count, created_at, updated_at) VALUES ('00fb977a-b868-40bc-b67c-517d24e49ec7', '2026-04-15', '今日も静かな朝のひとときが訪れた。窓の外はまだ薄暗く、心に浮かぶ言葉をそのまま書き留めていく。昨日の出来事や、これからやりたいこと、ふと感じた不安や期待を、評価せずにただ流していく。書くことで思考が少しずつ整理され、前向きな気持ちになれる気がする。小さな気づきを大切にしながら、今日という一日を丁寧に過ごしていきたいと思う。今日も静かな朝のひとときが訪れた。窓の外はまだ薄暗く、心に浮かぶ言葉をそのまま書き留めていく。昨日の出来事や、これからやりたいこと、ふと感じた不安や期待を、評価せずにただ流していく。書くことで思考が少しずつ整理され、前向きな気持ちになれる気がする。小さな気づきを大切にしながら、今日という一日を丁寧に過ごしていきたいと思う。今日も静かな朝のひとときが訪れた。窓の外はまだ薄暗く、心に浮かぶ言葉をそのまま書き留めていく。昨日の出来事や、これからやりたいこと、ふと感じた不安や期待を、評価せずにただ流していく。書くことで思考が少しずつ整理され、前向きな気持ちになれる気がする。小さな気づきを大切にしながら、今日という一日を丁寧に過ごしていきたいと思う。今日も静かな朝のひとときが訪れた。窓の外はまだ薄暗く、心に浮かぶ言葉をそのまま書き留めていく。昨日の出来事や、これからやりたいこと、ふと感じた不安や期待を、評価せずにただ流していく。書くことで思考が少しずつ整理され、前向きな気持ちになれる気がする。小さな気づきを大切にしながら、今日という一日を丁寧に過ごしていきたいと思う。今日も静かな朝のひとときが訪れた。窓の外はまだ薄暗く、心に浮かぶ言葉をそのまま書き留めていく。昨日の出来事や、これからやりたいこと、ふと感じた不安や期待を、評価せずにただ流していく。書くことで思考が少しずつ整理され、前向きな気持ちになれる気がする。小さな気づきを大切にしながら、今日という一日を丁寧に過ごしていきたいと思う。今日も静かな朝のひとときが訪れた。窓の外はまだ薄暗く、心に浮かぶ言葉をそのまま書き留めていく。昨日の出来事や、これからやりたいこと、ふと感じた不安や期待を、評価せずにただ流していく。書くことで思考が少しずつ整理され、前向きな気持ちになれる気がする。小さな気づきを大切にしながら、今日という一日を丁寧に過ごしていきたいと思う。今日も静かな朝のひとときが訪れた。窓の外はまだ薄暗く、心に浮かぶ言葉をそのまま書き留めていく。昨日の出来事や、これからやりたいこと、ふと感じた不安や期待を、評価せずにただ流していく。書くことで思考が少しずつ整理され、前向きな気持ちになれる気がする。小さな気づきを大切にしながら、今日という一日を丁寧に過ごしていきたいと思う。今日も静かな朝のひとときが訪れた。窓の外はまだ薄暗く、心に浮かぶ言葉をそのまま書き留めていく。昨日の出来事や、これからやりたいこと、ふと感じた不安や期待を、評価せずにただ流していく。書くことで思考が少しずつ整理され、前向きな気持ちになれる気がする。小さな気づきを大切にしながら、今日とい', 1277, '2026-04-15 08:00:00', '2026-04-15 08:00:00');
INSERT INTO MorningPages (user_id, entry_date, content, character_count, created_at, updated_at) VALUES ('00fb977a-b868-40bc-b67c-517d24e49ec7', '2026-04-16', '今日も静かな朝のひとときが訪れた。窓の外はまだ薄暗く、心に浮かぶ言葉をそのまま書き留めていく。昨日の出来事や、これからやりたいこと、ふと感じた不安や期待を、評価せずにただ流していく。書くことで思考が少しずつ整理され、前向きな気持ちになれる気がする。小さな気づきを大切にしながら、今日という一日を丁寧に過ごしていきたいと思う。今日も静かな朝のひとときが訪れた。窓の外はまだ薄暗く、心に浮かぶ言葉をそのまま書き留めていく。昨日の出来事や、これからやりたいこと、ふと感じた不安や期待を、評価せずにただ流していく。書くことで思考が少しずつ整理され、前向きな気持ちになれる気がする。小さな気づきを大切にしながら、今日という一日を丁寧に過ごしていきたいと思う。今日も静かな朝のひとときが訪れた。窓の外はまだ薄暗く、心に浮かぶ言葉をそのまま書き留めていく。昨日の出来事や、これからやりたいこと、ふと感じた不安や期待を、評価せずにただ流していく。書くことで思考が少しずつ整理され、前向きな気持ちになれる気がする。小さな気づきを大切にしながら、今日という一日を丁寧に過ごしていきたいと思う。今日も静かな朝のひとときが訪れた。窓の外はまだ薄暗く、心に浮かぶ言葉をそのまま書き留めていく。昨日の出来事や、これからやりたいこと、ふと感じた不安や期待を、評価せずにただ流していく。書くことで思考が少しずつ整理され、前向きな気持ちになれる気がする。小さな気づきを大切にしながら、今日という一日を丁寧に過ごしていきたいと思う。今日も静かな朝のひとときが訪れた。窓の外はまだ薄暗く、心に浮かぶ言葉をそのまま書き留めていく。昨日の出来事や、これからやりたいこと、ふと感じた不安や期待を、評価せずにただ流していく。書くことで思考が少しずつ整理され、前向きな気持ちになれる気がする。小さな気づきを大切にしながら、今日という一日を丁寧に過ごしていきたいと思う。今日も静かな朝のひとときが訪れた。窓の外はまだ薄暗く、心に浮かぶ言葉をそのまま書き留めていく。昨日の出来事や、これからやりたいこと、ふと感じた不安や期待を、評価せずにただ流していく。書くことで思考が少しずつ整理され、前向きな気持ちになれる気がする。小さな気づきを大切にしながら、今日という一日を丁寧に過ごしていきたいと思う。今日も静かな朝のひとときが訪れた。窓の外はまだ薄暗く、心に浮かぶ言葉をそのまま書き留めていく。昨日の出来事や、これからやりたいこと、ふと感じた不安や期待を、評価せずにただ流していく。書くことで思考が少しずつ整理され、前向きな気持ちになれる気がする。小さな気づきを大切にしながら、今日という一日を丁寧に過ごしていきたいと思う。今日も静かな朝のひとときが訪れた。窓の外はまだ薄暗く、心に浮かぶ言葉をそのまま書き留めていく。昨日の出来事や、これからやりたいこと、ふと感じた不安や期待を、評価せずにただ流していく。書くことで思考が少しずつ整理され、前向きな気持ちになれる気がする。小さな気づきを大切にしながら、今日という一日を丁寧に', 1284, '2026-04-16 08:00:00', '2026-04-16 08:00:00');
INSERT INTO MorningPages (user_id, entry_date, content, character_count, created_at, updated_at) VALUES ('00fb977a-b868-40bc-b67c-517d24e49ec7', '2026-04-17', '今日も静かな朝のひとときが訪れた。窓の外はまだ薄暗く、心に浮かぶ言葉をそのまま書き留めていく。昨日の出来事や、これからやりたいこと、ふと感じた不安や期待を、評価せずにただ流していく。書くことで思考が少しずつ整理され、前向きな気持ちになれる気がする。小さな気づきを大切にしながら、今日という一日を丁寧に過ごしていきたいと思う。今日も静かな朝のひとときが訪れた。窓の外はまだ薄暗く、心に浮かぶ言葉をそのまま書き留めていく。昨日の出来事や、これからやりたいこと、ふと感じた不安や期待を、評価せずにただ流していく。書くことで思考が少しずつ整理され、前向きな気持ちになれる気がする。小さな気づきを大切にしながら、今日という一日を丁寧に過ごしていきたいと思う。今日も静かな朝のひとときが訪れた。窓の外はまだ薄暗く、心に浮かぶ言葉をそのまま書き留めていく。昨日の出来事や、これからやりたいこと、ふと感じた不安や期待を、評価せずにただ流していく。書くことで思考が少しずつ整理され、前向きな気持ちになれる気がする。小さな気づきを大切にしながら、今日という一日を丁寧に過ごしていきたいと思う。今日も静かな朝のひとときが訪れた。窓の外はまだ薄暗く、心に浮かぶ言葉をそのまま書き留めていく。昨日の出来事や、これからやりたいこと、ふと感じた不安や期待を、評価せずにただ流していく。書くことで思考が少しずつ整理され、前向きな気持ちになれる気がする。小さな気づきを大切にしながら、今日という一日を丁寧に過ごしていきたいと思う。今日も静かな朝のひとときが訪れた。窓の外はまだ薄暗く、心に浮かぶ言葉をそのまま書き留めていく。昨日の出来事や、これからやりたいこと、ふと感じた不安や期待を、評価せずにただ流していく。書くことで思考が少しずつ整理され、前向きな気持ちになれる気がする。小さな気づきを大切にしながら、今日という一日を丁寧に過ごしていきたいと思う。今日も静かな朝のひとときが訪れた。窓の外はまだ薄暗く、心に浮かぶ言葉をそのまま書き留めていく。昨日の出来事や、これからやりたいこと、ふと感じた不安や期待を、評価せずにただ流していく。書くことで思考が少しずつ整理され、前向きな気持ちになれる気がする。小さな気づきを大切にしながら、今日という一日を丁寧に過ごしていきたいと思う。今日も静かな朝のひとときが訪れた。窓の外はまだ薄暗く、心に浮かぶ言葉をそのまま書き留めていく。昨日の出来事や、これからやりたいこと、ふと感じた不安や期待を、評価せずにただ流していく。書くことで思考が少しずつ整理され、前向きな気持ちになれる気がする。小さな気づきを大切にしながら、今日という一日を丁寧に過ごしていきたいと思う。今日も静かな朝のひとときが訪れた。窓の外はまだ薄暗く、心に浮かぶ言葉をそのまま書き留めていく。昨日の出来事や、これからやりたいこと、ふと感じた不安や期待を、評価せずにただ流していく。書くことで思考が少しずつ整理され、前向きな気持ちになれる気がする。小さな気づきを大切にしながら、今日という一日を丁寧に過ごしていきた', 1291, '2026-04-17 08:00:00', '2026-04-17 08:00:00');
INSERT INTO MorningPages (user_id, entry_date, content, character_count, created_at, updated_at) VALUES ('00fb977a-b868-40bc-b67c-517d24e49ec7', '2026-04-18', '今日も静かな朝のひとときが訪れた。窓の外はまだ薄暗く、心に浮かぶ言葉をそのまま書き留めていく。昨日の出来事や、これからやりたいこと、ふと感じた不安や期待を、評価せずにただ流していく。書くことで思考が少しずつ整理され、前向きな気持ちになれる気がする。小さな気づきを大切にしながら、今日という一日を丁寧に過ごしていきたいと思う。今日も静かな朝のひとときが訪れた。窓の外はまだ薄暗く、心に浮かぶ言葉をそのまま書き留めていく。昨日の出来事や、これからやりたいこと、ふと感じた不安や期待を、評価せずにただ流していく。書くことで思考が少しずつ整理され、前向きな気持ちになれる気がする。小さな気づきを大切にしながら、今日という一日を丁寧に過ごしていきたいと思う。今日も静かな朝のひとときが訪れた。窓の外はまだ薄暗く、心に浮かぶ言葉をそのまま書き留めていく。昨日の出来事や、これからやりたいこと、ふと感じた不安や期待を、評価せずにただ流していく。書くことで思考が少しずつ整理され、前向きな気持ちになれる気がする。小さな気づきを大切にしながら、今日という一日を丁寧に過ごしていきたいと思う。今日も静かな朝のひとときが訪れた。窓の外はまだ薄暗く、心に浮かぶ言葉をそのまま書き留めていく。昨日の出来事や、これからやりたいこと、ふと感じた不安や期待を、評価せずにただ流していく。書くことで思考が少しずつ整理され、前向きな気持ちになれる気がする。小さな気づきを大切にしながら、今日という一日を丁寧に過ごしていきたいと思う。今日も静かな朝のひとときが訪れた。窓の外はまだ薄暗く、心に浮かぶ言葉をそのまま書き留めていく。昨日の出来事や、これからやりたいこと、ふと感じた不安や期待を、評価せずにただ流していく。書くことで思考が少しずつ整理され、前向きな気持ちになれる気がする。小さな気づきを大切にしながら、今日という一日を丁寧に過ごしていきたいと思う。今日も静かな朝のひとときが訪れた。窓の外はまだ薄暗く、心に浮かぶ言葉をそのまま書き留めていく。昨日の出来事や、これからやりたいこと、ふと感じた不安や期待を、評価せずにただ流していく。書くことで思考が少しずつ整理され、前向きな気持ちになれる気がする。小さな気づきを大切にしながら、今日という一日を丁寧に過ごしていきたいと思う。今日も静かな朝のひとときが訪れた。窓の外はまだ薄暗く、心に浮かぶ言葉をそのまま書き留めていく。昨日の出来事や、これからやりたいこと、ふと感じた不安や期待を、評価せずにただ流していく。書くことで思考が少しずつ整理され、前向きな気持ちになれる気がする。小さな気づきを大切にしながら、今日という一日を丁寧に過ごしていきたいと思う。今日も静かな朝のひとときが訪れた。窓の外はまだ薄暗く、心に浮かぶ言葉をそのまま書き留めていく。昨日の出来事や、これからやりたいこと、ふと感じた不安や期待を、評価せずにただ流していく。書くことで思考が少しずつ整理され、前向きな気持ちになれる気がする。小さな気づきを大切にしながら、今日という一日を丁寧に過ごしていきたいと思う。今日', 1298, '2026-04-18 08:00:00', '2026-04-18 08:00:00');
INSERT INTO MorningPages (user_id, entry_date, content, character_count, created_at, updated_at) VALUES ('00fb977a-b868-40bc-b67c-517d24e49ec7', '2026-04-19', '今日も静かな朝のひとときが訪れた。窓の外はまだ薄暗く、心に浮かぶ言葉をそのまま書き留めていく。昨日の出来事や、これからやりたいこと、ふと感じた不安や期待を、評価せずにただ流していく。書くことで思考が少しずつ整理され、前向きな気持ちになれる気がする。小さな気づきを大切にしながら、今日という一日を丁寧に過ごしていきたいと思う。今日も静かな朝のひとときが訪れた。窓の外はまだ薄暗く、心に浮かぶ言葉をそのまま書き留めていく。昨日の出来事や、これからやりたいこと、ふと感じた不安や期待を、評価せずにただ流していく。書くことで思考が少しずつ整理され、前向きな気持ちになれる気がする。小さな気づきを大切にしながら、今日という一日を丁寧に過ごしていきたいと思う。今日も静かな朝のひとときが訪れた。窓の外はまだ薄暗く、心に浮かぶ言葉をそのまま書き留めていく。昨日の出来事や、これからやりたいこと、ふと感じた不安や期待を、評価せずにただ流していく。書くことで思考が少しずつ整理され、前向きな気持ちになれる気がする。小さな気づきを大切にしながら、今日という一日を丁寧に過ごしていきたいと思う。今日も静かな朝のひとときが訪れた。窓の外はまだ薄暗く、心に浮かぶ言葉をそのまま書き留めていく。昨日の出来事や、これからやりたいこと、ふと感じた不安や期待を、評価せずにただ流していく。書くことで思考が少しずつ整理され、前向きな気持ちになれる気がする。小さな気づきを大切にしながら、今日という一日を丁寧に過ごしていきたいと思う。今日も静かな朝のひとときが訪れた。窓の外はまだ薄暗く、心に浮かぶ言葉をそのまま書き留めていく。昨日の出来事や、これからやりたいこと、ふと感じた不安や期待を、評価せずにただ流していく。書くことで思考が少しずつ整理され、前向きな気持ちになれる気がする。小さな気づきを大切にしながら、今日という一日を丁寧に過ごしていきたいと思う。今日も静かな朝のひとときが訪れた。窓の外はまだ薄暗く、心に浮かぶ言葉をそのまま書き留めていく。昨日の出来事や、これからやりたいこと、ふと感じた不安や期待を、評価せずにただ流していく。書くことで思考が少しずつ整理され、前向きな気持ちになれる気がする。小さな気づきを大切にしながら、今日という一日を丁寧に過ごしていきたいと思う。今日も静かな朝のひとときが訪れた。窓の外はまだ薄暗く、心に浮かぶ言葉をそのまま書き留めていく。昨日の出来事や、これからやりたいこと、ふと感じた不安や期待を、評価せずにただ流していく。書くことで思考が少しずつ整理され、前向きな気持ちになれる気がする。小さな気づきを大切にしながら、今日という一日を丁寧に過ごしていきたいと思う。今日も静かな朝のひとときが訪れた。窓の外はまだ薄暗く、心に浮かぶ言葉をそのまま書き留めていく。昨日の出来事や、これからやりたいこと、ふと感じた不安や期待を、評価せずにただ流していく。書くことで思考が少しずつ整理され、前向きな気持ちになれる気がする。小さな気づきを大切にしながら、今日という一日を丁寧に過ごしていきたいと思う。今日も静かな朝のひ', 1305, '2026-04-19 08:00:00', '2026-04-19 08:00:00');
INSERT INTO MorningPages (user_id, entry_date, content, character_count, created_at, updated_at) VALUES ('00fb977a-b868-40bc-b67c-517d24e49ec7', '2026-04-20', '今日も静かな朝のひとときが訪れた。窓の外はまだ薄暗く、心に浮かぶ言葉をそのまま書き留めていく。昨日の出来事や、これからやりたいこと、ふと感じた不安や期待を、評価せずにただ流していく。書くことで思考が少しずつ整理され、前向きな気持ちになれる気がする。小さな気づきを大切にしながら、今日という一日を丁寧に過ごしていきたいと思う。今日も静かな朝のひとときが訪れた。窓の外はまだ薄暗く、心に浮かぶ言葉をそのまま書き留めていく。昨日の出来事や、これからやりたいこと、ふと感じた不安や期待を、評価せずにただ流していく。書くことで思考が少しずつ整理され、前向きな気持ちになれる気がする。小さな気づきを大切にしながら、今日という一日を丁寧に過ごしていきたいと思う。今日も静かな朝のひとときが訪れた。窓の外はまだ薄暗く、心に浮かぶ言葉をそのまま書き留めていく。昨日の出来事や、これからやりたいこと、ふと感じた不安や期待を、評価せずにただ流していく。書くことで思考が少しずつ整理され、前向きな気持ちになれる気がする。小さな気づきを大切にしながら、今日という一日を丁寧に過ごしていきたいと思う。今日も静かな朝のひとときが訪れた。窓の外はまだ薄暗く、心に浮かぶ言葉をそのまま書き留めていく。昨日の出来事や、これからやりたいこと、ふと感じた不安や期待を、評価せずにただ流していく。書くことで思考が少しずつ整理され、前向きな気持ちになれる気がする。小さな気づきを大切にしながら、今日という一日を丁寧に過ごしていきたいと思う。今日も静かな朝のひとときが訪れた。窓の外はまだ薄暗く、心に浮かぶ言葉をそのまま書き留めていく。昨日の出来事や、これからやりたいこと、ふと感じた不安や期待を、評価せずにただ流していく。書くことで思考が少しずつ整理され、前向きな気持ちになれる気がする。小さな気づきを大切にしながら、今日という一日を丁寧に過ごしていきたいと思う。今日も静かな朝のひとときが訪れた。窓の外はまだ薄暗く、心に浮かぶ言葉をそのまま書き留めていく。昨日の出来事や、これからやりたいこと、ふと感じた不安や期待を、評価せずにただ流していく。書くことで思考が少しずつ整理され、前向きな気持ちになれる気がする。小さな気づきを大切にしながら、今日という一日を丁寧に過ごしていきたいと思う。今日も静かな朝のひとときが訪れた。窓の外はまだ薄暗く、心に浮かぶ言葉をそのまま書き留めていく。昨日の出来事や、これからやりたいこと、ふと感じた不安や期待を、評価せずにただ流していく。書くことで思考が少しずつ整理され、前向きな気持ちになれる気がする。小さな気づきを大切にしながら、今日という一日を丁寧に過ごしていきたいと思う。今日も静かな朝のひとときが訪れた。窓の外はまだ薄暗く、心に浮かぶ言葉をそのまま書き留めていく。昨日の出来事や、これからやりたいこと、ふと感じた不安や期待を、評価せずにただ流していく。書くことで思考が少しずつ整理され、前向きな気持ちになれる気がする。小さな気づきを大切にしながら、今日という一日を丁寧に過ごしていきたいと思う。今日も静かな朝のひとときが訪れた', 1312, '2026-04-20 08:00:00', '2026-04-20 08:00:00');
INSERT INTO MorningPages (user_id, entry_date, content, character_count, created_at, updated_at) VALUES ('00fb977a-b868-40bc-b67c-517d24e49ec7', '2026-04-21', '今日も静かな朝のひとときが訪れた。窓の外はまだ薄暗く、心に浮かぶ言葉をそのまま書き留めていく。昨日の出来事や、これからやりたいこと、ふと感じた不安や期待を、評価せずにただ流していく。書くことで思考が少しずつ整理され、前向きな気持ちになれる気がする。小さな気づきを大切にしながら、今日という一日を丁寧に過ごしていきたいと思う。今日も静かな朝のひとときが訪れた。窓の外はまだ薄暗く、心に浮かぶ言葉をそのまま書き留めていく。昨日の出来事や、これからやりたいこと、ふと感じた不安や期待を、評価せずにただ流していく。書くことで思考が少しずつ整理され、前向きな気持ちになれる気がする。小さな気づきを大切にしながら、今日という一日を丁寧に過ごしていきたいと思う。今日も静かな朝のひとときが訪れた。窓の外はまだ薄暗く、心に浮かぶ言葉をそのまま書き留めていく。昨日の出来事や、これからやりたいこと、ふと感じた不安や期待を、評価せずにただ流していく。書くことで思考が少しずつ整理され、前向きな気持ちになれる気がする。小さな気づきを大切にしながら、今日という一日を丁寧に過ごしていきたいと思う。今日も静かな朝のひとときが訪れた。窓の外はまだ薄暗く、心に浮かぶ言葉をそのまま書き留めていく。昨日の出来事や、これからやりたいこと、ふと感じた不安や期待を、評価せずにただ流していく。書くことで思考が少しずつ整理され、前向きな気持ちになれる気がする。小さな気づきを大切にしながら、今日という一日を丁寧に過ごしていきたいと思う。今日も静かな朝のひとときが訪れた。窓の外はまだ薄暗く、心に浮かぶ言葉をそのまま書き留めていく。昨日の出来事や、これからやりたいこと、ふと感じた不安や期待を、評価せずにただ流していく。書くことで思考が少しずつ整理され、前向きな気持ちになれる気がする。小さな気づきを大切にしながら、今日という一日を丁寧に過ごしていきたいと思う。今日も静かな朝のひとときが訪れた。窓の外はまだ薄暗く、心に浮かぶ言葉をそのまま書き留めていく。昨日の出来事や、これからやりたいこと、ふと感じた不安や期待を、評価せずにただ流していく。書くことで思考が少しずつ整理され、前向きな気持ちになれる気がする。小さな気づきを大切にしながら、今日という一日を丁寧に過ごしていきたいと思う。今日も静かな朝のひとときが訪れた。窓の外はまだ薄暗く、心に浮かぶ言葉をそのまま書き留めていく。昨日の出来事や、これからやりたいこと、ふと感じた不安や期待を、評価せずにただ流していく。書くことで思考が少しずつ整理され、前向きな気持ちになれる気がする。小さな気づきを大切にしながら、今日という一日を丁寧に過ごしていきたいと思う。今日も静かな朝のひとときが訪れた。窓の外はまだ薄暗く、心に浮かぶ言葉をそのまま書き留めていく。昨日の出来事や、これからやりたいこと、ふと感じた不安や期待を、評価せずにただ流していく。書くことで思考が少しずつ整理され、前向きな気持ちになれる気がする。小さな気づきを大切にしながら、今日という一日を丁寧に過ごしていきたいと思う。今日も静かな朝のひとときが訪れた。窓の外はまだ', 1319, '2026-04-21 08:00:00', '2026-04-21 08:00:00');
INSERT INTO MorningPages (user_id, entry_date, content, character_count, created_at, updated_at) VALUES ('00fb977a-b868-40bc-b67c-517d24e49ec7', '2026-04-22', '今日も静かな朝のひとときが訪れた。窓の外はまだ薄暗く、心に浮かぶ言葉をそのまま書き留めていく。昨日の出来事や、これからやりたいこと、ふと感じた不安や期待を、評価せずにただ流していく。書くことで思考が少しずつ整理され、前向きな気持ちになれる気がする。小さな気づきを大切にしながら、今日という一日を丁寧に過ごしていきたいと思う。今日も静かな朝のひとときが訪れた。窓の外はまだ薄暗く、心に浮かぶ言葉をそのまま書き留めていく。昨日の出来事や、これからやりたいこと、ふと感じた不安や期待を、評価せずにただ流していく。書くことで思考が少しずつ整理され、前向きな気持ちになれる気がする。小さな気づきを大切にしながら、今日という一日を丁寧に過ごしていきたいと思う。今日も静かな朝のひとときが訪れた。窓の外はまだ薄暗く、心に浮かぶ言葉をそのまま書き留めていく。昨日の出来事や、これからやりたいこと、ふと感じた不安や期待を、評価せずにただ流していく。書くことで思考が少しずつ整理され、前向きな気持ちになれる気がする。小さな気づきを大切にしながら、今日という一日を丁寧に過ごしていきたいと思う。今日も静かな朝のひとときが訪れた。窓の外はまだ薄暗く、心に浮かぶ言葉をそのまま書き留めていく。昨日の出来事や、これからやりたいこと、ふと感じた不安や期待を、評価せずにただ流していく。書くことで思考が少しずつ整理され、前向きな気持ちになれる気がする。小さな気づきを大切にしながら、今日という一日を丁寧に過ごしていきたいと思う。今日も静かな朝のひとときが訪れた。窓の外はまだ薄暗く、心に浮かぶ言葉をそのまま書き留めていく。昨日の出来事や、これからやりたいこと、ふと感じた不安や期待を、評価せずにただ流していく。書くことで思考が少しずつ整理され、前向きな気持ちになれる気がする。小さな気づきを大切にしながら、今日という一日を丁寧に過ごしていきたいと思う。今日も静かな朝のひとときが訪れた。窓の外はまだ薄暗く、心に浮かぶ言葉をそのまま書き留めていく。昨日の出来事や、これからやりたいこと、ふと感じた不安や期待を、評価せずにただ流していく。書くことで思考が少しずつ整理され、前向きな気持ちになれる気がする。小さな気づきを大切にしながら、今日という一日を丁寧に過ごしていきたいと思う。今日も静かな朝のひとときが訪れた。窓の外はまだ薄暗く、心に浮かぶ言葉をそのまま書き留めていく。昨日の出来事や、これからやりたいこと、ふと感じた不安や期待を、評価せずにただ流していく。書くことで思考が少しずつ整理され、前向きな気持ちになれる気がする。小さな気づきを大切にしながら、今日という一日を丁寧に過ごしていきたいと思う。今日も静かな朝のひとときが訪れた。窓の外はまだ薄暗く、心に浮かぶ言葉をそのまま書き留めていく。昨日の出来事や、これからやりたいこと、ふと感じた不安や期待を、評価せずにただ流していく。書くことで思考が少しずつ整理され、前向きな気持ちになれる気がする。小さな気づきを大切にしながら、今日という一日を丁寧に過ごしていきたいと思う。今日も静かな朝のひとときが訪れた。窓の外はまだ薄暗く、心に浮', 1326, '2026-04-22 08:00:00', '2026-04-22 08:00:00');
INSERT INTO MorningPages (user_id, entry_date, content, character_count, created_at, updated_at) VALUES ('00fb977a-b868-40bc-b67c-517d24e49ec7', '2026-04-23', '今日も静かな朝のひとときが訪れた。窓の外はまだ薄暗く、心に浮かぶ言葉をそのまま書き留めていく。昨日の出来事や、これからやりたいこと、ふと感じた不安や期待を、評価せずにただ流していく。書くことで思考が少しずつ整理され、前向きな気持ちになれる気がする。小さな気づきを大切にしながら、今日という一日を丁寧に過ごしていきたいと思う。今日も静かな朝のひとときが訪れた。窓の外はまだ薄暗く、心に浮かぶ言葉をそのまま書き留めていく。昨日の出来事や、これからやりたいこと、ふと感じた不安や期待を、評価せずにただ流していく。書くことで思考が少しずつ整理され、前向きな気持ちになれる気がする。小さな気づきを大切にしながら、今日という一日を丁寧に過ごしていきたいと思う。今日も静かな朝のひとときが訪れた。窓の外はまだ薄暗く、心に浮かぶ言葉をそのまま書き留めていく。昨日の出来事や、これからやりたいこと、ふと感じた不安や期待を、評価せずにただ流していく。書くことで思考が少しずつ整理され、前向きな気持ちになれる気がする。小さな気づきを大切にしながら、今日という一日を丁寧に過ごしていきたいと思う。今日も静かな朝のひとときが訪れた。窓の外はまだ薄暗く、心に浮かぶ言葉をそのまま書き留めていく。昨日の出来事や、これからやりたいこと、ふと感じた不安や期待を、評価せずにただ流していく。書くことで思考が少しずつ整理され、前向きな気持ちになれる気がする。小さな気づきを大切にしながら、今日という一日を丁寧に過ごしていきたいと思う。今日も静かな朝のひとときが訪れた。窓の外はまだ薄暗く、心に浮かぶ言葉をそのまま書き留めていく。昨日の出来事や、これからやりたいこと、ふと感じた不安や期待を、評価せずにただ流していく。書くことで思考が少しずつ整理され、前向きな気持ちになれる気がする。小さな気づきを大切にしながら、今日という一日を丁寧に過ごしていきたいと思う。今日も静かな朝のひとときが訪れた。窓の外はまだ薄暗く、心に浮かぶ言葉をそのまま書き留めていく。昨日の出来事や、これからやりたいこと、ふと感じた不安や期待を、評価せずにただ流していく。書くことで思考が少しずつ整理され、前向きな気持ちになれる気がする。小さな気づきを大切にしながら、今日という一日を丁寧に過ごしていきたいと思う。今日も静かな朝のひとときが訪れた。窓の外はまだ薄暗く、心に浮かぶ言葉をそのまま書き留めていく。昨日の出来事や、これからやりたいこと、ふと感じた不安や期待を、評価せずにただ流していく。書くことで思考が少しずつ整理され、前向きな気持ちになれる気がする。小さな気づきを大切にしながら、今日という一日を丁寧に過ごしていきたいと思う。今日も静かな朝のひとときが訪れた。窓の外はまだ薄暗く、心に浮かぶ言葉をそのまま書き留めていく。昨日の出来事や、これからやりたいこと、ふと感じた不安や期待を、評価せずにただ流していく。書くことで思考が少しずつ整理され、前向きな気持ちになれる気がする。小さな気づきを大切にしながら、今日という一日を丁寧に過ごしていきたいと思う。今日も静かな朝のひとときが訪れた。窓の外はまだ薄暗く、心に浮かぶ言葉をその', 1333, '2026-04-23 08:00:00', '2026-04-23 08:00:00');
INSERT INTO MorningPages (user_id, entry_date, content, character_count, created_at, updated_at) VALUES ('00fb977a-b868-40bc-b67c-517d24e49ec7', '2026-04-25', '今日も静かな朝のひとときが訪れた。窓の外はまだ薄暗く、心に浮かぶ言葉をそのまま書き留めていく。昨日の出来事や、これからやりたいこと、ふと感じた不安や期待を、評価せずにただ流していく。書くことで思考が少しずつ整理され、前向きな気持ちになれる気がする。小さな気づきを大切にしながら、今日という一日を丁寧に過ごしていきたいと思う。今日も静かな朝のひとときが訪れた。窓の外はまだ薄暗く、心に浮かぶ言葉をそのまま書き留めていく。昨日の出来事や、これからやりたいこと、ふと感じた不安や期待を、評価せずにただ流していく。書くことで思考が少しずつ整理され、前向きな気持ちになれる気がする。小さな気づきを大切にしながら、今日という一日を丁寧に過ごしていきたいと思う。今日も静かな朝のひとときが訪れた。窓の外はまだ薄暗く、心に浮かぶ言葉をそのまま書き留めていく。昨日の出来事や、これからやりたいこと、ふと感じた不安や期待を、評価せずにただ流していく。書くことで思考が少しずつ整理され、前向きな気持ちになれる気がする。小さな気づきを大切にしながら、今日という一日を丁寧に過ごしていきたいと思う。今日も静かな朝のひとときが訪れた。窓の外はまだ薄暗く、心に浮かぶ言葉をそのまま書き留めていく。昨日の出来事や、これからやりたいこと、ふと感じた不安や期待を、評価せずにただ流していく。書くことで思考が少しずつ整理され、前向きな気持ちになれる気がする。小さな気づきを大切にしながら、今日という一日を丁寧に過ごしていきたいと思う。今日も静かな朝のひとときが訪れた。窓の外はまだ薄暗く、心に浮かぶ言葉をそのまま書き留めていく。昨日の出来事や、これからやりたいこと、ふと感じた不安や期待を、評価せずにただ流していく。書くことで思考が少しずつ整理され、前向きな気持ちになれる気がする。小さな気づきを大切にしながら、今日という一日を丁寧に過ごしていきたいと思う。今日も静かな朝のひとときが訪れた。窓の外はまだ薄暗く、心に浮かぶ言葉をそのまま書き留めていく。昨日の出来事や、これからやりたいこと、ふと感じた不安や期待を、評価せずにただ流していく。書くことで思考が少しずつ整理され、前向きな気持ちになれる気がする。小さな気づきを大切にしながら、今日という一日を丁寧に過ごしていきたいと思う。今日も静かな朝のひとときが訪れた。窓の外はまだ薄暗く、心に浮かぶ言葉をそのまま書き留めていく。昨日の出来事や、これからやりたいこと、ふと感じた不安や期待を、評価せずにただ流していく。書くことで思考が少しずつ整理され、前向きな気持ちになれる気がする。小さな気づきを大切にしながら、今日という一日を丁寧に過ごしていきたいと思う。今日も静かな朝のひとときが訪れた。窓の外はまだ薄暗く、心に浮かぶ言葉をそのまま書き留めていく。昨日の出来事や、これからやりたいこと、ふと感じた不安や期待を、評価せずにただ流していく。書くことで思考が少しずつ整理され、前向きな気持ちになれる気がする。小さな気づきを大切にしながら、今日という一日を丁寧に過ごしていきたいと思う。今日も静かな朝のひとときが訪れた。窓の外はまだ薄暗く、心に浮かぶ言葉をそのまま書き留めていく。昨日の出', 1347, '2026-04-25 08:00:00', '2026-04-25 08:00:00');
INSERT INTO MorningPages (user_id, entry_date, content, character_count, created_at, updated_at) VALUES ('00fb977a-b868-40bc-b67c-517d24e49ec7', '2026-04-26', '今日も静かな朝のひとときが訪れた。窓の外はまだ薄暗く、心に浮かぶ言葉をそのまま書き留めていく。昨日の出来事や、これからやりたいこと、ふと感じた不安や期待を、評価せずにただ流していく。書くことで思考が少しずつ整理され、前向きな気持ちになれる気がする。小さな気づきを大切にしながら、今日という一日を丁寧に過ごしていきたいと思う。今日も静かな朝のひとときが訪れた。窓の外はまだ薄暗く、心に浮かぶ言葉をそのまま書き留めていく。昨日の出来事や、これからやりたいこと、ふと感じた不安や期待を、評価せずにただ流していく。書くことで思考が少しずつ整理され、前向きな気持ちになれる気がする。小さな気づきを大切にしながら、今日という一日を丁寧に過ごしていきたいと思う。今日も静かな朝のひとときが訪れた。窓の外はまだ薄暗く、心に浮かぶ言葉をそのまま書き留めていく。昨日の出来事や、これからやりたいこと、ふと感じた不安や期待を、評価せずにただ流していく。書くことで思考が少しずつ整理され、前向きな気持ちになれる気がする。小さな気づきを大切にしながら、今日という一日を丁寧に過ごしていきたいと思う。今日も静かな朝のひとときが訪れた。窓の外はまだ薄暗く、心に浮かぶ言葉をそのまま書き留めていく。昨日の出来事や、これからやりたいこと、ふと感じた不安や期待を、評価せずにただ流していく。書くことで思考が少しずつ整理され、前向きな気持ちになれる気がする。小さな気づきを大切にしながら、今日という一日を丁寧に過ごしていきたいと思う。今日も静かな朝のひとときが訪れた。窓の外はまだ薄暗く、心に浮かぶ言葉をそのまま書き留めていく。昨日の出来事や、これからやりたいこと、ふと感じた不安や期待を、評価せずにただ流していく。書くことで思考が少しずつ整理され、前向きな気持ちになれる気がする。小さな気づきを大切にしながら、今日という一日を丁寧に過ごしていきたいと思う。今日も静かな朝のひとときが訪れた。窓の外はまだ薄暗く、心に浮かぶ言葉をそのまま書き留めていく。昨日の出来事や、これからやりたいこと、ふと感じた不安や期待を、評価せずにただ流していく。書くことで思考が少しずつ整理され、前向きな気持ちになれる気がする。小さな気づきを大切にしながら、今日という一日を丁寧に過ごしていきたいと思う。今日も静かな朝のひとときが訪れた。窓の外はまだ薄暗く、心に浮かぶ言葉をそのまま書き留めていく。昨日の出来事や、これからやりたいこと、ふと感じた不安や期待を、評価せずにただ流していく。書くことで思考が少しずつ整理され、前向きな気持ちになれる気がする。小さな気づきを大切にしながら、今日という一日を丁寧に過ごしていきたいと思う。今日も静かな朝のひとときが訪れた。窓の外はまだ薄暗く、心に浮かぶ言葉をそのまま書き留めていく。昨日の出来事や、これからやりたいこと、ふと感じた不安や期待を、評価せずにただ流していく。書くことで思考が少しずつ整理され、前向きな気持ちになれる気がする。小さな気づきを大切にしながら、今日という一日を丁寧に過ごしていきたいと思う。今日も静かな朝のひとときが訪れた。窓の外はまだ薄暗く、心に浮かぶ言葉をそのまま書き留めていく。昨日の出来事や、これか', 1354, '2026-04-26 08:00:00', '2026-04-26 08:00:00');
INSERT INTO MorningPages (user_id, entry_date, content, character_count, created_at, updated_at) VALUES ('00fb977a-b868-40bc-b67c-517d24e49ec7', '2026-04-27', '今日も静かな朝のひとときが訪れた。窓の外はまだ薄暗く、心に浮かぶ言葉をそのまま書き留めていく。昨日の出来事や、これからやりたいこと、ふと感じた不安や期待を、評価せずにただ流していく。書くことで思考が少しずつ整理され、前向きな気持ちになれる気がする。小さな気づきを大切にしながら、今日という一日を丁寧に過ごしていきたいと思う。今日も静かな朝のひとときが訪れた。窓の外はまだ薄暗く、心に浮かぶ言葉をそのまま書き留めていく。昨日の出来事や、これからやりたいこと、ふと感じた不安や期待を、評価せずにただ流していく。書くことで思考が少しずつ整理され、前向きな気持ちになれる気がする。小さな気づきを大切にしながら、今日という一日を丁寧に過ごしていきたいと思う。今日も静かな朝のひとときが訪れた。窓の外はまだ薄暗く、心に浮かぶ言葉をそのまま書き留めていく。昨日の出来事や、これからやりたいこと、ふと感じた不安や期待を、評価せずにただ流していく。書くことで思考が少しずつ整理され、前向きな気持ちになれる気がする。小さな気づきを大切にしながら、今日という一日を丁寧に過ごしていきたいと思う。今日も静かな朝のひとときが訪れた。窓の外はまだ薄暗く、心に浮かぶ言葉をそのまま書き留めていく。昨日の出来事や、これからやりたいこと、ふと感じた不安や期待を、評価せずにただ流していく。書くことで思考が少しずつ整理され、前向きな気持ちになれる気がする。小さな気づきを大切にしながら、今日という一日を丁寧に過ごしていきたいと思う。今日も静かな朝のひとときが訪れた。窓の外はまだ薄暗く、心に浮かぶ言葉をそのまま書き留めていく。昨日の出来事や、これからやりたいこと、ふと感じた不安や期待を、評価せずにただ流していく。書くことで思考が少しずつ整理され、前向きな気持ちになれる気がする。小さな気づきを大切にしながら、今日という一日を丁寧に過ごしていきたいと思う。今日も静かな朝のひとときが訪れた。窓の外はまだ薄暗く、心に浮かぶ言葉をそのまま書き留めていく。昨日の出来事や、これからやりたいこと、ふと感じた不安や期待を、評価せずにただ流していく。書くことで思考が少しずつ整理され、前向きな気持ちになれる気がする。小さな気づきを大切にしながら、今日という一日を丁寧に過ごしていきたいと思う。今日も静かな朝のひとときが訪れた。窓の外はまだ薄暗く、心に浮かぶ言葉をそのまま書き留めていく。昨日の出来事や、これからやりたいこと、ふと感じた不安や期待を、評価せずにただ流していく。書くことで思考が少しずつ整理され、前向きな気持ちになれる気がする。小さな気づきを大切にしながら、今日という一日を丁寧に過ごしていきたいと思う。今日も静かな朝のひとときが訪れた。窓の外はまだ薄暗く、心に浮かぶ言葉をそのまま書き留めていく。昨日の出来事や、これからやりたいこと、ふと感じた不安や期待を、評価せずにただ流していく。書くことで思考が少しずつ整理され、前向きな気持ちになれる気がする。小さな気づきを大切にしながら、今日という一日を丁寧に過ごしていきたいと思う。今日も静かな朝のひとときが訪れた。窓の外はまだ薄暗く、心に浮かぶ言葉をそのまま書き留めていく。昨日の出来事や、これからやりたいこと', 1361, '2026-04-27 08:00:00', '2026-04-27 08:00:00');
INSERT INTO MorningPages (user_id, entry_date, content, character_count, created_at, updated_at) VALUES ('00fb977a-b868-40bc-b67c-517d24e49ec7', '2026-04-28', '今日も静かな朝のひとときが訪れた。窓の外はまだ薄暗く、心に浮かぶ言葉をそのまま書き留めていく。昨日の出来事や、これからやりたいこと、ふと感じた不安や期待を、評価せずにただ流していく。書くことで思考が少しずつ整理され、前向きな気持ちになれる気がする。小さな気づきを大切にしながら、今日という一日を丁寧に過ごしていきたいと思う。今日も静かな朝のひとときが訪れた。窓の外はまだ薄暗く、心に浮かぶ言葉をそのまま書き留めていく。昨日の出来事や、これからやりたいこと、ふと感じた不安や期待を、評価せずにただ流していく。書くことで思考が少しずつ整理され、前向きな気持ちになれる気がする。小さな気づきを大切にしながら、今日という一日を丁寧に過ごしていきたいと思う。今日も静かな朝のひとときが訪れた。窓の外はまだ薄暗く、心に浮かぶ言葉をそのまま書き留めていく。昨日の出来事や、これからやりたいこと、ふと感じた不安や期待を、評価せずにただ流していく。書くことで思考が少しずつ整理され、前向きな気持ちになれる気がする。小さな気づきを大切にしながら、今日という一日を丁寧に過ごしていきたいと思う。今日も静かな朝のひとときが訪れた。窓の外はまだ薄暗く、心に浮かぶ言葉をそのまま書き留めていく。昨日の出来事や、これからやりたいこと、ふと感じた不安や期待を、評価せずにただ流していく。書くことで思考が少しずつ整理され、前向きな気持ちになれる気がする。小さな気づきを大切にしながら、今日という一日を丁寧に過ごしていきたいと思う。今日も静かな朝のひとときが訪れた。窓の外はまだ薄暗く、心に浮かぶ言葉をそのまま書き留めていく。昨日の出来事や、これからやりたいこと、ふと感じた不安や期待を、評価せずにただ流していく。書くことで思考が少しずつ整理され、前向きな気持ちになれる気がする。小さな気づきを大切にしながら、今日という一日を丁寧に過ごしていきたいと思う。今日も静かな朝のひとときが訪れた。窓の外はまだ薄暗く、心に浮かぶ言葉をそのまま書き留めていく。昨日の出来事や、これからやりたいこと、ふと感じた不安や期待を、評価せずにただ流していく。書くことで思考が少しずつ整理され、前向きな気持ちになれる気がする。小さな気づきを大切にしながら、今日という一日を丁寧に過ごしていきたいと思う。今日も静かな朝のひとときが訪れた。窓の外はまだ薄暗く、心に浮かぶ言葉をそのまま書き留めていく。昨日の出来事や、これからやりたいこと、ふと感じた不安や期待を、評価せずにただ流していく。書くことで思考が少しずつ整理され、前向きな気持ちになれる気がする。小さな気づきを大切にしながら、今日という一日を丁寧に過ごしていきたいと思う。今日も静かな朝のひとときが訪れた。窓の外はまだ薄暗く、心に浮かぶ言葉をそのまま書き留めていく。昨日の出来事や、これからやりたいこと、ふと感じた不安や期待を、評価せずにただ流していく。書くことで思考が少しずつ整理され、前向きな気持ちになれる気がする。小さな気づきを大切にしながら、今日という一日を丁寧に過ごしていきたいと思う。今日も静かな朝のひとときが訪れた。窓の外はまだ薄暗く、心に浮かぶ言葉をそのまま書き留めていく。昨日の出来事や、これからやりたいこと、ふと感じた不', 1368, '2026-04-28 08:00:00', '2026-04-28 08:00:00');
INSERT INTO MorningPages (user_id, entry_date, content, character_count, created_at, updated_at) VALUES ('00fb977a-b868-40bc-b67c-517d24e49ec7', '2026-04-29', '今日も静かな朝のひとときが訪れた。窓の外はまだ薄暗く、心に浮かぶ言葉をそのまま書き留めていく。昨日の出来事や、これからやりたいこと、ふと感じた不安や期待を、評価せずにただ流していく。書くことで思考が少しずつ整理され、前向きな気持ちになれる気がする。小さな気づきを大切にしながら、今日という一日を丁寧に過ごしていきたいと思う。今日も静かな朝のひとときが訪れた。窓の外はまだ薄暗く、心に浮かぶ言葉をそのまま書き留めていく。昨日の出来事や、これからやりたいこと、ふと感じた不安や期待を、評価せずにただ流していく。書くことで思考が少しずつ整理され、前向きな気持ちになれる気がする。小さな気づきを大切にしながら、今日という一日を丁寧に過ごしていきたいと思う。今日も静かな朝のひとときが訪れた。窓の外はまだ薄暗く、心に浮かぶ言葉をそのまま書き留めていく。昨日の出来事や、これからやりたいこと、ふと感じた不安や期待を、評価せずにただ流していく。書くことで思考が少しずつ整理され、前向きな気持ちになれる気がする。小さな気づきを大切にしながら、今日という一日を丁寧に過ごしていきたいと思う。今日も静かな朝のひとときが訪れた。窓の外はまだ薄暗く、心に浮かぶ言葉をそのまま書き留めていく。昨日の出来事や、これからやりたいこと、ふと感じた不安や期待を、評価せずにただ流していく。書くことで思考が少しずつ整理され、前向きな気持ちになれる気がする。小さな気づきを大切にしながら、今日という一日を丁寧に過ごしていきたいと思う。今日も静かな朝のひとときが訪れた。窓の外はまだ薄暗く、心に浮かぶ言葉をそのまま書き留めていく。昨日の出来事や、これからやりたいこと、ふと感じた不安や期待を、評価せずにただ流していく。書くことで思考が少しずつ整理され、前向きな気持ちになれる気がする。小さな気づきを大切にしながら、今日という一日を丁寧に過ごしていきたいと思う。今日も静かな朝のひとときが訪れた。窓の外はまだ薄暗く、心に浮かぶ言葉をそのまま書き留めていく。昨日の出来事や、これからやりたいこと、ふと感じた不安や期待を、評価せずにただ流していく。書くことで思考が少しずつ整理され、前向きな気持ちになれる気がする。小さな気づきを大切にしながら、今日という一日を丁寧に過ごしていきたいと思う。今日も静かな朝のひとときが訪れた。窓の外はまだ薄暗く、心に浮かぶ言葉をそのまま書き留めていく。昨日の出来事や、これからやりたいこと、ふと感じた不安や期待を、評価せずにただ流していく。書くことで思考が少しずつ整理され、前向きな気持ちになれる気がする。小さな気づきを大切にしながら、今日という一日を丁寧に過ごしていきたいと思う。今日も静かな朝のひとときが訪れた。窓の外はまだ薄暗く、心に浮かぶ言葉をそのまま書き留めていく。昨日の出来事や、これからやりたいこと、ふと感じた不安や期待を、評価せずにただ流していく。書くことで思考が少しずつ整理され、前向きな気持ちになれる気がする。小さな気づきを大切にしながら、今日という一日を丁寧に過ごしていきたいと思う。今日も静かな朝のひとときが訪れた。窓の外はまだ薄暗く、心に浮かぶ言葉をそのまま書き留めていく。昨日の出来事や、これからやりたいこと、ふと感じた不安や期待を、評', 1375, '2026-04-29 08:00:00', '2026-04-29 08:00:00');
INSERT INTO MorningPages (user_id, entry_date, content, character_count, created_at, updated_at) VALUES ('00fb977a-b868-40bc-b67c-517d24e49ec7', '2026-04-30', '今日も静かな朝のひとときが訪れた。窓の外はまだ薄暗く、心に浮かぶ言葉をそのまま書き留めていく。昨日の出来事や、これからやりたいこと、ふと感じた不安や期待を、評価せずにただ流していく。書くことで思考が少しずつ整理され、前向きな気持ちになれる気がする。小さな気づきを大切にしながら、今日という一日を丁寧に過ごしていきたいと思う。今日も静かな朝のひとときが訪れた。窓の外はまだ薄暗く、心に浮かぶ言葉をそのまま書き留めていく。昨日の出来事や、これからやりたいこと、ふと感じた不安や期待を、評価せずにただ流していく。書くことで思考が少しずつ整理され、前向きな気持ちになれる気がする。小さな気づきを大切にしながら、今日という一日を丁寧に過ごしていきたいと思う。今日も静かな朝のひとときが訪れた。窓の外はまだ薄暗く、心に浮かぶ言葉をそのまま書き留めていく。昨日の出来事や、これからやりたいこと、ふと感じた不安や期待を、評価せずにただ流していく。書くことで思考が少しずつ整理され、前向きな気持ちになれる気がする。小さな気づきを大切にしながら、今日という一日を丁寧に過ごしていきたいと思う。今日も静かな朝のひとときが訪れた。窓の外はまだ薄暗く、心に浮かぶ言葉をそのまま書き留めていく。昨日の出来事や、これからやりたいこと、ふと感じた不安や期待を、評価せずにただ流していく。書くことで思考が少しずつ整理され、前向きな気持ちになれる気がする。小さな気づきを大切にしながら、今日という一日を丁寧に過ごしていきたいと思う。今日も静かな朝のひとときが訪れた。窓の外はまだ薄暗く、心に浮かぶ言葉をそのまま書き留めていく。昨日の出来事や、これからやりたいこと、ふと感じた不安や期待を、評価せずにただ流していく。書くことで思考が少しずつ整理され、前向きな気持ちになれる気がする。小さな気づきを大切にしながら、今日という一日を丁寧に過ごしていきたいと思う。今日も静かな朝のひとときが訪れた。窓の外はまだ薄暗く、心に浮かぶ言葉をそのまま書き留めていく。昨日の出来事や、これからやりたいこと、ふと感じた不安や期待を、評価せずにただ流していく。書くことで思考が少しずつ整理され、前向きな気持ちになれる気がする。小さな気づきを大切にしながら、今日という一日を丁寧に過ごしていきたいと思う。今日も静かな朝のひとときが訪れた。窓の外はまだ薄暗く、心に浮かぶ言葉をそのまま書き留めていく。昨日の出来事や、これからやりたいこと、ふと感じた不安や期待を、評価せずにただ流していく。書くことで思考が少しずつ整理され、前向きな気持ちになれる気がする。小さな気づきを大切にしながら、今日という一日を丁寧に過ごしていきたいと思う。今日も静かな朝のひとときが訪れた。窓の外はまだ薄暗く、心に浮かぶ言葉をそのまま書き留めていく。昨日の出来事や、これからやりたいこと、ふと感じた不安や期待を、評価せずにただ流していく。書くことで思考が少しずつ整理され、前向きな気持ちになれる気がする。小さな気づきを大切にしながら、今日という一日を丁寧に過ごしていきたいと思う。今日も静かな朝のひとときが訪れた。窓の外はまだ薄暗く、心に浮かぶ言葉をそのまま書き留めていく。昨日の出来事や、これからやりたいこと、ふと感じた不安や期待を、評価せずにただ流', 1382, '2026-04-30 08:00:00', '2026-04-30 08:00:00');
INSERT INTO MorningPages (user_id, entry_date, content, character_count, created_at, updated_at) VALUES ('00fb977a-b868-40bc-b67c-517d24e49ec7', '2026-05-01', '今日も静かな朝のひとときが訪れた。窓の外はまだ薄暗く、心に浮かぶ言葉をそのまま書き留めていく。昨日の出来事や、これからやりたいこと、ふと感じた不安や期待を、評価せずにただ流していく。書くことで思考が少しずつ整理され、前向きな気持ちになれる気がする。小さな気づきを大切にしながら、今日という一日を丁寧に過ごしていきたいと思う。今日も静かな朝のひとときが訪れた。窓の外はまだ薄暗く、心に浮かぶ言葉をそのまま書き留めていく。昨日の出来事や、これからやりたいこと、ふと感じた不安や期待を、評価せずにただ流していく。書くことで思考が少しずつ整理され、前向きな気持ちになれる気がする。小さな気づきを大切にしながら、今日という一日を丁寧に過ごしていきたいと思う。今日も静かな朝のひとときが訪れた。窓の外はまだ薄暗く、心に浮かぶ言葉をそのまま書き留めていく。昨日の出来事や、これからやりたいこと、ふと感じた不安や期待を、評価せずにただ流していく。書くことで思考が少しずつ整理され、前向きな気持ちになれる気がする。小さな気づきを大切にしながら、今日という一日を丁寧に過ごしていきたいと思う。今日も静かな朝のひとときが訪れた。窓の外はまだ薄暗く、心に浮かぶ言葉をそのまま書き留めていく。昨日の出来事や、これからやりたいこと、ふと感じた不安や期待を、評価せずにただ流していく。書くことで思考が少しずつ整理され、前向きな気持ちになれる気がする。小さな気づきを大切にしながら、今日という一日を丁寧に過ごしていきたいと思う。今日も静かな朝のひとときが訪れた。窓の外はまだ薄暗く、心に浮かぶ言葉をそのまま書き留めていく。昨日の出来事や、これからやりたいこと、ふと感じた不安や期待を、評価せずにただ流していく。書くことで思考が少しずつ整理され、前向きな気持ちになれる気がする。小さな気づきを大切にしながら、今日という一日を丁寧に過ごしていきたいと思う。今日も静かな朝のひとときが訪れた。窓の外はまだ薄暗く、心に浮かぶ言葉をそのまま書き留めていく。昨日の出来事や、これからやりたいこと、ふと感じた不安や期待を、評価せずにただ流していく。書くことで思考が少しずつ整理され、前向きな気持ちになれる気がする。小さな気づきを大切にしながら、今日という一日を丁寧に過ごしていきたいと思う。今日も静かな朝のひとときが訪れた。窓の外はまだ薄暗く、心に浮かぶ言葉をそのまま書き留めていく。昨日の出来事や、これからやりたいこと、ふと感じた不安や期待を、評価せずにただ流していく。書くことで思考が少しずつ整理され、前向きな気持ちになれる気がする。小さな気づきを大切にしながら、今日という一日を丁寧に過ごしていきたいと思う。今日も静かな朝のひとときが訪れた。窓の外はまだ薄暗く、心に浮かぶ言葉をそのまま書き留めていく。昨日の出来事や、これからやりたいこと、ふと感じた不安や期待を、評価せずにただ流していく。書くことで思考が少しずつ整理され、前向きな気持ちになれる気がする。小さな気づきを大切にしながら、今日という一日を丁寧に過ごしていきたいと思う。今日も静かな朝のひとときが訪れた。窓の外はまだ薄暗く、心に浮かぶ言葉をそのまま書き留めていく。昨日の出来事や、これからやりたいこと、ふと感じた不安や期待を、評価せずにただ流していく。書く', 1389, '2026-05-01 08:00:00', '2026-05-01 08:00:00');
INSERT INTO MorningPages (user_id, entry_date, content, character_count, created_at, updated_at) VALUES ('00fb977a-b868-40bc-b67c-517d24e49ec7', '2026-05-02', '今日も静かな朝のひとときが訪れた。窓の外はまだ薄暗く、心に浮かぶ言葉をそのまま書き留めていく。昨日の出来事や、これからやりたいこと、ふと感じた不安や期待を、評価せずにただ流していく。書くことで思考が少しずつ整理され、前向きな気持ちになれる気がする。小さな気づきを大切にしながら、今日という一日を丁寧に過ごしていきたいと思う。今日も静かな朝のひとときが訪れた。窓の外はまだ薄暗く、心に浮かぶ言葉をそのまま書き留めていく。昨日の出来事や、これからやりたいこと、ふと感じた不安や期待を、評価せずにただ流していく。書くことで思考が少しずつ整理され、前向きな気持ちになれる気がする。小さな気づきを大切にしながら、今日という一日を丁寧に過ごしていきたいと思う。今日も静かな朝のひとときが訪れた。窓の外はまだ薄暗く、心に浮かぶ言葉をそのまま書き留めていく。昨日の出来事や、これからやりたいこと、ふと感じた不安や期待を、評価せずにただ流していく。書くことで思考が少しずつ整理され、前向きな気持ちになれる気がする。小さな気づきを大切にしながら、今日という一日を丁寧に過ごしていきたいと思う。今日も静かな朝のひとときが訪れた。窓の外はまだ薄暗く、心に浮かぶ言葉をそのまま書き留めていく。昨日の出来事や、これからやりたいこと、ふと感じた不安や期待を、評価せずにただ流していく。書くことで思考が少しずつ整理され、前向きな気持ちになれる気がする。小さな気づきを大切にしながら、今日という一日を丁寧に過ごしていきたいと思う。今日も静かな朝のひとときが訪れた。窓の外はまだ薄暗く、心に浮かぶ言葉をそのまま書き留めていく。昨日の出来事や、これからやりたいこと、ふと感じた不安や期待を、評価せずにただ流していく。書くことで思考が少しずつ整理され、前向きな気持ちになれる気がする。小さな気づきを大切にしながら、今日という一日を丁寧に過ごしていきたいと思う。今日も静かな朝のひとときが訪れた。窓の外はまだ薄暗く、心に浮かぶ言葉をそのまま書き留めていく。昨日の出来事や、これからやりたいこと、ふと感じた不安や期待を、評価せずにただ流していく。書くことで思考が少しずつ整理され、前向きな気持ちになれる気がする。小さな気づきを大切にしながら、今日という一日を丁寧に過ごしていきたいと思う。今日も静かな朝のひとときが訪れた。窓の外はまだ薄暗く、心に浮かぶ言葉をそのまま書き留めていく。昨日の出来事や、これからやりたいこと、ふと感じた不安や期待を、評価せずにただ流していく。書くことで思考が少しずつ整理され、前向きな気持ちになれる気がする。小さな気づきを大切にしながら、今日という一日を丁寧に過ごしていきたいと思う。今日も静かな朝のひとときが訪れた。窓の外はまだ薄暗く、心に浮かぶ言葉をそのまま書き留めていく。昨日の出来事や、これからやりたいこと、ふと感じた不安や期待を、評価せずにただ流していく。書くことで思考が少しずつ整理され、前向きな気持ちになれる気がする。小さな気づきを大切にしながら、今日という一日を丁寧に過ごしていきたいと思う。今日も静かな朝のひとときが訪れた。窓の外はまだ薄暗く、心に浮かぶ言葉をそのまま書き留めていく。昨日の出来事や、これからやりたいこと、ふと感じた不安や期待を、評価せずにただ流していく。書くことで思考が少', 1396, '2026-05-02 08:00:00', '2026-05-02 08:00:00');
INSERT INTO MorningPages (user_id, entry_date, content, character_count, created_at, updated_at) VALUES ('00fb977a-b868-40bc-b67c-517d24e49ec7', '2026-05-03', '今日も静かな朝のひとときが訪れた。窓の外はまだ薄暗く、心に浮かぶ言葉をそのまま書き留めていく。昨日の出来事や、これからやりたいこと、ふと感じた不安や期待を、評価せずにただ流していく。書くことで思考が少しずつ整理され、前向きな気持ちになれる気がする。小さな気づきを大切にしながら、今日という一日を丁寧に過ごしていきたいと思う。今日も静かな朝のひとときが訪れた。窓の外はまだ薄暗く、心に浮かぶ言葉をそのまま書き留めていく。昨日の出来事や、これからやりたいこと、ふと感じた不安や期待を、評価せずにただ流していく。書くことで思考が少しずつ整理され、前向きな気持ちになれる気がする。小さな気づきを大切にしながら、今日という一日を丁寧に過ごしていきたいと思う。今日も静かな朝のひとときが訪れた。窓の外はまだ薄暗く、心に浮かぶ言葉をそのまま書き留めていく。昨日の出来事や、これからやりたいこと、ふと感じた不安や期待を、評価せずにただ流していく。書くことで思考が少しずつ整理され、前向きな気持ちになれる気がする。小さな気づきを大切にしながら、今日という一日を丁寧に過ごしていきたいと思う。今日も静かな朝のひとときが訪れた。窓の外はまだ薄暗く、心に浮かぶ言葉をそのまま書き留めていく。昨日の出来事や、これからやりたいこと、ふと感じた不安や期待を、評価せずにただ流していく。書くことで思考が少しずつ整理され、前向きな気持ちになれる気がする。小さな気づきを大切にしながら、今日という一日を丁寧に過ごしていきたいと思う。今日も静かな朝のひとときが訪れた。窓の外はまだ薄暗く、心に浮かぶ言葉をそのまま書き留めていく。昨日の出来事や、これからやりたいこと、ふと感じた不安や期待を、評価せずにただ流していく。書くことで思考が少しずつ整理され、前向きな気持ちになれる気がする。小さな気づきを大切にしながら、今日という一日を丁寧に過ごしていきたいと思う。今日も静かな朝のひとときが訪れた。窓の外はまだ薄暗く、心に浮かぶ言葉をそのまま書き留めていく。昨日の出来事や、これからやりたいこと、ふと感じた不安や期待を、評価せずにただ流していく。書くことで思考が少しずつ整理され、前向きな気持ちになれる気がする。小さな気づきを大切にしながら、今日という一日を丁寧に過ごしていきたいと思う。今日も静かな朝のひとときが訪れた。窓の外はまだ薄暗く、心に浮かぶ言葉をそのまま書き留めていく。昨日の出来事や、これからやりたいこと、ふと感じた不安や期待を、評価せずにただ流していく。書くことで思考が少しずつ整理され、前向きな気持ちになれる気がする。小さな気づきを大切にしながら、今日という一日を丁寧に過ごしていきたいと思う。今日も静かな朝のひとときが訪れた。窓の外はまだ薄暗く、心に浮かぶ言葉をそのまま書き留めていく。昨日の出来事や、これからやりたいこと、ふと感じた不安や期待を、評価せずにただ流していく。書くことで思考が少しずつ整理され、前向きな気持ちになれる気がする。小さな気づきを大切にしながら、今日という一日を丁寧に過ごしていきたいと思う。今日も静かな朝のひとときが訪れた。窓の外はまだ薄暗く、心に浮かぶ言葉をそのまま書き留めていく。昨日の出来事や、これからやりたいこと、ふと感じた不安や期待を、評価せずにただ流していく。書くことで思考が少しずつ整理され', 1403, '2026-05-03 08:00:00', '2026-05-03 08:00:00');
INSERT INTO MorningPages (user_id, entry_date, content, character_count, created_at, updated_at) VALUES ('00fb977a-b868-40bc-b67c-517d24e49ec7', '2026-05-04', '今日も静かな朝のひとときが訪れた。窓の外はまだ薄暗く、心に浮かぶ言葉をそのまま書き留めていく。昨日の出来事や、これからやりたいこと、ふと感じた不安や期待を、評価せずにただ流していく。書くことで思考が少しずつ整理され、前向きな気持ちになれる気がする。小さな気づきを大切にしながら、今日という一日を丁寧に過ごしていきたいと思う。今日も静かな朝のひとときが訪れた。窓の外はまだ薄暗く、心に浮かぶ言葉をそのまま書き留めていく。昨日の出来事や、これからやりたいこと、ふと感じた不安や期待を、評価せずにただ流していく。書くことで思考が少しずつ整理され、前向きな気持ちになれる気がする。小さな気づきを大切にしながら、今日という一日を丁寧に過ごしていきたいと思う。今日も静かな朝のひとときが訪れた。窓の外はまだ薄暗く、心に浮かぶ言葉をそのまま書き留めていく。昨日の出来事や、これからやりたいこと、ふと感じた不安や期待を、評価せずにただ流していく。書くことで思考が少しずつ整理され、前向きな気持ちになれる気がする。小さな気づきを大切にしながら、今日という一日を丁寧に過ごしていきたいと思う。今日も静かな朝のひとときが訪れた。窓の外はまだ薄暗く、心に浮かぶ言葉をそのまま書き留めていく。昨日の出来事や、これからやりたいこと、ふと感じた不安や期待を、評価せずにただ流していく。書くことで思考が少しずつ整理され、前向きな気持ちになれる気がする。小さな気づきを大切にしながら、今日という一日を丁寧に過ごしていきたいと思う。今日も静かな朝のひとときが訪れた。窓の外はまだ薄暗く、心に浮かぶ言葉をそのまま書き留めていく。昨日の出来事や、これからやりたいこと、ふと感じた不安や期待を、評価せずにただ流していく。書くことで思考が少しずつ整理され、前向きな気持ちになれる気がする。小さな気づきを大切にしながら、今日という一日を丁寧に過ごしていきたいと思う。今日も静かな朝のひとときが訪れた。窓の外はまだ薄暗く、心に浮かぶ言葉をそのまま書き留めていく。昨日の出来事や、これからやりたいこと、ふと感じた不安や期待を、評価せずにただ流していく。書くことで思考が少しずつ整理され、前向きな気持ちになれる気がする。小さな気づきを大切にしながら、今日という一日を丁寧に過ごしていきたいと思う。今日も静かな朝のひとときが訪れた。窓の外はまだ薄暗く、心に浮かぶ言葉をそのまま書き留めていく。昨日の出来事や、これからやりたいこと、ふと感じた不安や期待を、評価せずにただ流していく。書くことで思考が少しずつ整理され、前向きな気持ちになれる気がする。小さな気づきを大切にしながら、今日という一日を丁寧に過ごしていきたいと思う。今日も静かな朝のひとときが訪れた。窓の外はまだ薄暗く、心に浮かぶ言葉をそのまま書き留めていく。昨日の出来事や、これからやりたいこと、ふと感じた不安や期待を、評価せずにただ流していく。書くことで思考が少しずつ整理され、前向きな気持ちになれる気がする。小さな気づきを大切にしながら、今日という一日を丁寧に過ごしていきたいと思う。今日も静かな朝のひとときが訪れた。窓の外はまだ薄暗く、心に浮かぶ言葉をそのまま書き留めていく。昨日の出来事や、これからやりたいこと、ふと感じた不安や期待を、評価せずにただ流していく。書くことで思考が少しずつ整理され、前向きな気持', 1410, '2026-05-04 08:00:00', '2026-05-04 08:00:00');
INSERT INTO MorningPages (user_id, entry_date, content, character_count, created_at, updated_at) VALUES ('00fb977a-b868-40bc-b67c-517d24e49ec7', '2026-05-05', '今日も静かな朝のひとときが訪れた。窓の外はまだ薄暗く、心に浮かぶ言葉をそのまま書き留めていく。昨日の出来事や、これからやりたいこと、ふと感じた不安や期待を、評価せずにただ流していく。書くことで思考が少しずつ整理され、前向きな気持ちになれる気がする。小さな気づきを大切にしながら、今日という一日を丁寧に過ごしていきたいと思う。今日も静かな朝のひとときが訪れた。窓の外はまだ薄暗く、心に浮かぶ言葉をそのまま書き留めていく。昨日の出来事や、これからやりたいこと、ふと感じた不安や期待を、評価せずにただ流していく。書くことで思考が少しずつ整理され、前向きな気持ちになれる気がする。小さな気づきを大切にしながら、今日という一日を丁寧に過ごしていきたいと思う。今日も静かな朝のひとときが訪れた。窓の外はまだ薄暗く、心に浮かぶ言葉をそのまま書き留めていく。昨日の出来事や、これからやりたいこと、ふと感じた不安や期待を、評価せずにただ流していく。書くことで思考が少しずつ整理され、前向きな気持ちになれる気がする。小さな気づきを大切にしながら、今日という一日を丁寧に過ごしていきたいと思う。今日も静かな朝のひとときが訪れた。窓の外はまだ薄暗く、心に浮かぶ言葉をそのまま書き留めていく。昨日の出来事や、これからやりたいこと、ふと感じた不安や期待を、評価せずにただ流していく。書くことで思考が少しずつ整理され、前向きな気持ちになれる気がする。小さな気づきを大切にしながら、今日という一日を丁寧に過ごしていきたいと思う。今日も静かな朝のひとときが訪れた。窓の外はまだ薄暗く、心に浮かぶ言葉をそのまま書き留めていく。昨日の出来事や、これからやりたいこと、ふと感じた不安や期待を、評価せずにただ流していく。書くことで思考が少しずつ整理され、前向きな気持ちになれる気がする。小さな気づきを大切にしながら、今日という一日を丁寧に過ごしていきたいと思う。今日も静かな朝のひとときが訪れた。窓の外はまだ薄暗く、心に浮かぶ言葉をそのまま書き留めていく。昨日の出来事や、これからやりたいこと、ふと感じた不安や期待を、評価せずにただ流していく。書くことで思考が少しずつ整理され、前向きな気持ちになれる気がする。小さな気づきを大切にしながら、今日という一日を丁寧に過ごしていきたいと思う。今日も静かな朝のひとときが訪れた。窓の外はまだ薄暗く、心に浮かぶ言葉をそのまま書き留めていく。昨日の出来事や、これからやりたいこと、ふと感じた不安や期待を、評価せずにただ流していく。書くことで思考が少しずつ整理され、前向きな気持ちになれる気がする。小さな気づきを大切にしながら、今日という一日を丁寧に過ごしていきたいと思う。今日も静かな朝のひとときが訪れた。窓の外はまだ薄暗く、心に浮かぶ言葉をそのまま書き留めていく。昨日の出来事や、これからやりたいこと、ふと感じた不安や期待を、評価せずにただ流していく。書くことで思考が少しずつ整理され、前向きな気持ちになれる気がする。小さな気づきを大切にしながら、今日という一日を丁寧に過ごしていきたいと思う。今日も静かな朝のひとときが訪れた。窓の外はまだ薄暗く、心に浮かぶ言葉をそのまま書き留めていく。昨日の出来事や、これからやりたいこと、ふと感じた不安や期待を、評価せずにただ流していく。書くことで思考が少しずつ整理され、前向きな気持ちになれる気が', 1417, '2026-05-05 08:00:00', '2026-05-05 08:00:00');
INSERT INTO MorningPages (user_id, entry_date, content, character_count, created_at, updated_at) VALUES ('00fb977a-b868-40bc-b67c-517d24e49ec7', '2026-05-06', '今日も静かな朝のひとときが訪れた。窓の外はまだ薄暗く、心に浮かぶ言葉をそのまま書き留めていく。昨日の出来事や、これからやりたいこと、ふと感じた不安や期待を、評価せずにただ流していく。書くことで思考が少しずつ整理され、前向きな気持ちになれる気がする。小さな気づきを大切にしながら、今日という一日を丁寧に過ごしていきたいと思う。今日も静かな朝のひとときが訪れた。窓の外はまだ薄暗く、心に浮かぶ言葉をそのまま書き留めていく。昨日の出来事や、これからやりたいこと、ふと感じた不安や期待を、評価せずにただ流していく。書くことで思考が少しずつ整理され、前向きな気持ちになれる気がする。小さな気づきを大切にしながら、今日という一日を丁寧に過ごしていきたいと思う。今日も静かな朝のひとときが訪れた。窓の外はまだ薄暗く、心に浮かぶ言葉をそのまま書き留めていく。昨日の出来事や、これからやりたいこと、ふと感じた不安や期待を、評価せずにただ流していく。書くことで思考が少しずつ整理され、前向きな気持ちになれる気がする。小さな気づきを大切にしながら、今日という一日を丁寧に過ごしていきたいと思う。今日も静かな朝のひとときが訪れた。窓の外はまだ薄暗く、心に浮かぶ言葉をそのまま書き留めていく。昨日の出来事や、これからやりたいこと、ふと感じた不安や期待を、評価せずにただ流していく。書くことで思考が少しずつ整理され、前向きな気持ちになれる気がする。小さな気づきを大切にしながら、今日という一日を丁寧に過ごしていきたいと思う。今日も静かな朝のひとときが訪れた。窓の外はまだ薄暗く、心に浮かぶ言葉をそのまま書き留めていく。昨日の出来事や、これからやりたいこと、ふと感じた不安や期待を、評価せずにただ流していく。書くことで思考が少しずつ整理され、前向きな気持ちになれる気がする。小さな気づきを大切にしながら、今日という一日を丁寧に過ごしていきたいと思う。今日も静かな朝のひとときが訪れた。窓の外はまだ薄暗く、心に浮かぶ言葉をそのまま書き留めていく。昨日の出来事や、これからやりたいこと、ふと感じた不安や期待を、評価せずにただ流していく。書くことで思考が少しずつ整理され、前向きな気持ちになれる気がする。小さな気づきを大切にしながら、今日という一日を丁寧に過ごしていきたいと思う。今日も静かな朝のひとときが訪れた。窓の外はまだ薄暗く、心に浮かぶ言葉をそのまま書き留めていく。昨日の出来事や、これからやりたいこと、ふと感じた不安や期待を、評価せずにただ流していく。書くことで思考が少しずつ整理され、前向きな気持ちになれる気がする。小さな気づきを大切にしながら、今日という一日を丁寧に過ごしていきたいと思う。今日も静かな朝のひとときが訪れた。窓の外はまだ薄暗く、心に浮かぶ言葉をそのまま書き留めていく。昨日の出来事や、これからやりたいこと、ふと感じた不安や期待を、評価せずにただ流していく。書くことで思考が少しずつ整理され、前向きな気持ちになれる気がする。小さな気づきを大切にしながら、今日という一日を丁寧に過ごしていきたいと思う。今日も静かな朝のひとときが訪れた。窓の外はまだ薄暗く、心に浮かぶ言葉をそのまま書き留めていく。昨日の出来事や、これからやりたいこと、ふと感じた不安や期待を、評価せずにただ流していく。書くことで思考が少しずつ整理され、前向きな気持ちになれる気がする。小さな気', 1424, '2026-05-06 08:00:00', '2026-05-06 08:00:00');
INSERT INTO MorningPages (user_id, entry_date, content, character_count, created_at, updated_at) VALUES ('00fb977a-b868-40bc-b67c-517d24e49ec7', '2026-05-08', '今日も静かな朝のひとときが訪れた。窓の外はまだ薄暗く、心に浮かぶ言葉をそのまま書き留めていく。昨日の出来事や、これからやりたいこと、ふと感じた不安や期待を、評価せずにただ流していく。書くことで思考が少しずつ整理され、前向きな気持ちになれる気がする。小さな気づきを大切にしながら、今日という一日を丁寧に過ごしていきたいと思う。今日も静かな朝のひとときが訪れた。窓の外はまだ薄暗く、心に浮かぶ言葉をそのまま書き留めていく。昨日の出来事や、これからやりたいこと、ふと感じた不安や期待を、評価せずにただ流していく。書くことで思考が少しずつ整理され、前向きな気持ちになれる気がする。小さな気づきを大切にしながら、今日という一日を丁寧に過ごしていきたいと思う。今日も静かな朝のひとときが訪れた。窓の外はまだ薄暗く、心に浮かぶ言葉をそのまま書き留めていく。昨日の出来事や、これからやりたいこと、ふと感じた不安や期待を、評価せずにただ流していく。書くことで思考が少しずつ整理され、前向きな気持ちになれる気がする。小さな気づきを大切にしながら、今日という一日を丁寧に過ごしていきたいと思う。今日も静かな朝のひとときが訪れた。窓の外はまだ薄暗く、心に浮かぶ言葉をそのまま書き留めていく。昨日の出来事や、これからやりたいこと、ふと感じた不安や期待を、評価せずにただ流していく。書くことで思考が少しずつ整理され、前向きな気持ちになれる気がする。小さな気づきを大切にしながら、今日という一日を丁寧に過ごしていきたいと思う。今日も静かな朝のひとときが訪れた。窓の外はまだ薄暗く、心に浮かぶ言葉をそのまま書き留めていく。昨日の出来事や、これからやりたいこと、ふと感じた不安や期待を、評価せずにただ流していく。書くことで思考が少しずつ整理され、前向きな気持ちになれる気がする。小さな気づきを大切にしながら、今日という一日を丁寧に過ごしていきたいと思う。今日も静かな朝のひとときが訪れた。窓の外はまだ薄暗く、心に浮かぶ言葉をそのまま書き留めていく。昨日の出来事や、これからやりたいこと、ふと感じた不安や期待を、評価せずにただ流していく。書くことで思考が少しずつ整理され、前向きな気持ちになれる気がする。小さな気づきを大切にしながら、今日という一日を丁寧に過ごしていきたいと思う。今日も静かな朝のひとときが訪れた。窓の外はまだ薄暗く、心に浮かぶ言葉をそのまま書き留めていく。昨日の出来事や、これからやりたいこと、ふと感じた不安や期待を、評価せずにただ流していく。書くことで思考が少しずつ整理され、前向きな気持ちになれる気がする。小さな気づきを大切にしながら、今日という一日を丁寧に過ごしていきたいと思う。今日も静かな朝のひとときが訪れた。窓の外はまだ薄暗く、心に浮かぶ言葉をそのまま書き留めていく。昨日の出来事や、これからやりたいこと、ふと感じた不安や期待を、評価せずにただ流していく。書くことで思考が少しずつ整理され、前向きな気持ちになれる気がする。小さな気づきを大切にしながら、今日という一日を丁寧に過ごしていきたいと思う。今日も静かな朝のひとときが訪れた。窓の外はまだ薄暗く、心に浮かぶ言葉をそのまま書き留めていく。昨日の出来事や、これからやりたいこと、ふと感じた不安や期待を、評価せずにただ流していく。書くことで思考が少しずつ整理され、前向きな気持ちになれる気がする。小さな気づきを大切にしながら、今日と', 1438, '2026-05-08 08:00:00', '2026-05-08 08:00:00');
INSERT INTO MorningPages (user_id, entry_date, content, character_count, created_at, updated_at) VALUES ('00fb977a-b868-40bc-b67c-517d24e49ec7', '2026-05-09', '今日も静かな朝のひとときが訪れた。窓の外はまだ薄暗く、心に浮かぶ言葉をそのまま書き留めていく。昨日の出来事や、これからやりたいこと、ふと感じた不安や期待を、評価せずにただ流していく。書くことで思考が少しずつ整理され、前向きな気持ちになれる気がする。小さな気づきを大切にしながら、今日という一日を丁寧に過ごしていきたいと思う。今日も静かな朝のひとときが訪れた。窓の外はまだ薄暗く、心に浮かぶ言葉をそのまま書き留めていく。昨日の出来事や、これからやりたいこと、ふと感じた不安や期待を、評価せずにただ流していく。書くことで思考が少しずつ整理され、前向きな気持ちになれる気がする。小さな気づきを大切にしながら、今日という一日を丁寧に過ごしていきたいと思う。今日も静かな朝のひとときが訪れた。窓の外はまだ薄暗く、心に浮かぶ言葉をそのまま書き留めていく。昨日の出来事や、これからやりたいこと、ふと感じた不安や期待を、評価せずにただ流していく。書くことで思考が少しずつ整理され、前向きな気持ちになれる気がする。小さな気づきを大切にしながら、今日という一日を丁寧に過ごしていきたいと思う。今日も静かな朝のひとときが訪れた。窓の外はまだ薄暗く、心に浮かぶ言葉をそのまま書き留めていく。昨日の出来事や、これからやりたいこと、ふと感じた不安や期待を、評価せずにただ流していく。書くことで思考が少しずつ整理され、前向きな気持ちになれる気がする。小さな気づきを大切にしながら、今日という一日を丁寧に過ごしていきたいと思う。今日も静かな朝のひとときが訪れた。窓の外はまだ薄暗く、心に浮かぶ言葉をそのまま書き留めていく。昨日の出来事や、これからやりたいこと、ふと感じた不安や期待を、評価せずにただ流していく。書くことで思考が少しずつ整理され、前向きな気持ちになれる気がする。小さな気づきを大切にしながら、今日という一日を丁寧に過ごしていきたいと思う。今日も静かな朝のひとときが訪れた。窓の外はまだ薄暗く、心に浮かぶ言葉をそのまま書き留めていく。昨日の出来事や、これからやりたいこと、ふと感じた不安や期待を、評価せずにただ流していく。書くことで思考が少しずつ整理され、前向きな気持ちになれる気がする。小さな気づきを大切にしながら、今日という一日を丁寧に過ごしていきたいと思う。今日も静かな朝のひとときが訪れた。窓の外はまだ薄暗く、心に浮かぶ言葉をそのまま書き留めていく。昨日の出来事や、これからやりたいこと、ふと感じた不安や期待を、評価せずにただ流していく。書くことで思考が少しずつ整理され、前向きな気持ちになれる気がする。小さな気づきを大切にしながら、今日という一日を丁寧に過ごしていきたいと思う。今日も静かな朝のひとときが訪れた。窓の外はまだ薄暗く、心に浮かぶ言葉をそのまま書き留めていく。昨日の出来事や、これからやりたいこと、ふと感じた不安や期待を、評価せずにただ流していく。書くことで思考が少しずつ整理され、前向きな気持ちになれる気がする。小さな気づきを大切にしながら、今日という一日を丁寧に過ごしていきたいと思う。今日も静かな朝のひとときが訪れた。窓の外はまだ薄暗く、心に浮かぶ言葉をそのまま書き留めていく。昨日の出来事や、これからやりたいこと、ふと感じた不安や期待を、評価せずにただ流していく。書くことで思考が少しずつ整理され、前向きな気持ちになれる気がする。小さな気づきを大切にしながら、今日という一日を丁寧', 1445, '2026-05-09 08:00:00', '2026-05-09 08:00:00');
INSERT INTO MorningPages (user_id, entry_date, content, character_count, created_at, updated_at) VALUES ('00fb977a-b868-40bc-b67c-517d24e49ec7', '2026-05-10', '今日も静かな朝のひとときが訪れた。窓の外はまだ薄暗く、心に浮かぶ言葉をそのまま書き留めていく。昨日の出来事や、これからやりたいこと、ふと感じた不安や期待を、評価せずにただ流していく。書くことで思考が少しずつ整理され、前向きな気持ちになれる気がする。小さな気づきを大切にしながら、今日という一日を丁寧に過ごしていきたいと思う。今日も静かな朝のひとときが訪れた。窓の外はまだ薄暗く、心に浮かぶ言葉をそのまま書き留めていく。昨日の出来事や、これからやりたいこと、ふと感じた不安や期待を、評価せずにただ流していく。書くことで思考が少しずつ整理され、前向きな気持ちになれる気がする。小さな気づきを大切にしながら、今日という一日を丁寧に過ごしていきたいと思う。今日も静かな朝のひとときが訪れた。窓の外はまだ薄暗く、心に浮かぶ言葉をそのまま書き留めていく。昨日の出来事や、これからやりたいこと、ふと感じた不安や期待を、評価せずにただ流していく。書くことで思考が少しずつ整理され、前向きな気持ちになれる気がする。小さな気づきを大切にしながら、今日という一日を丁寧に過ごしていきたいと思う。今日も静かな朝のひとときが訪れた。窓の外はまだ薄暗く、心に浮かぶ言葉をそのまま書き留めていく。昨日の出来事や、これからやりたいこと、ふと感じた不安や期待を、評価せずにただ流していく。書くことで思考が少しずつ整理され、前向きな気持ちになれる気がする。小さな気づきを大切にしながら、今日という一日を丁寧に過ごしていきたいと思う。今日も静かな朝のひとときが訪れた。窓の外はまだ薄暗く、心に浮かぶ言葉をそのまま書き留めていく。昨日の出来事や、これからやりたいこと、ふと感じた不安や期待を、評価せずにただ流していく。書くことで思考が少しずつ整理され、前向きな気持ちになれる気がする。小さな気づきを大切にしながら、今日という一日を丁寧に過ごしていきたいと思う。今日も静かな朝のひとときが訪れた。窓の外はまだ薄暗く、心に浮かぶ言葉をそのまま書き留めていく。昨日の出来事や、これからやりたいこと、ふと感じた不安や期待を、評価せずにただ流していく。書くことで思考が少しずつ整理され、前向きな気持ちになれる気がする。小さな気づきを大切にしながら、今日という一日を丁寧に過ごしていきたいと思う。今日も静かな朝のひとときが訪れた。窓の外はまだ薄暗く、心に浮かぶ言葉をそのまま書き留めていく。昨日の出来事や、これからやりたいこと、ふと感じた不安や期待を、評価せずにただ流していく。書くことで思考が少しずつ整理され、前向きな気持ちになれる気がする。小さな気づきを大切にしながら、今日という一日を丁寧に過ごしていきたいと思う。今日も静かな朝のひとときが訪れた。窓の外はまだ薄暗く、心に浮かぶ言葉をそのまま書き留めていく。昨日の出来事や、これからやりたいこと、ふと感じた不安や期待を、評価せずにただ流していく。書くことで思考が少しずつ整理され、前向きな気持ちになれる気がする。小さな気づきを大切にしながら、今日という一日を丁寧に過ごしていきたいと思う。今日も静かな朝のひとときが訪れた。窓の外はまだ薄暗く、心に浮かぶ言葉をそのまま書き留めていく。昨日の出来事や、これからやりたいこと、ふと感じた不安や期待を、評価せずにただ流していく。書くことで思考が少しずつ整理され、前向きな気持ちになれる気がする。小さな気づきを大切にしながら、今日という一日を丁寧に過ごしていき', 1452, '2026-05-10 08:00:00', '2026-05-10 08:00:00');
INSERT INTO MorningPages (user_id, entry_date, content, character_count, created_at, updated_at) VALUES ('00fb977a-b868-40bc-b67c-517d24e49ec7', '2026-05-11', '今日も静かな朝のひとときが訪れた。窓の外はまだ薄暗く、心に浮かぶ言葉をそのまま書き留めていく。昨日の出来事や、これからやりたいこと、ふと感じた不安や期待を、評価せずにただ流していく。書くことで思考が少しずつ整理され、前向きな気持ちになれる気がする。小さな気づきを大切にしながら、今日という一日を丁寧に過ごしていきたいと思う。今日も静かな朝のひとときが訪れた。窓の外はまだ薄暗く、心に浮かぶ言葉をそのまま書き留めていく。昨日の出来事や、これからやりたいこと、ふと感じた不安や期待を、評価せずにただ流していく。書くことで思考が少しずつ整理され、前向きな気持ちになれる気がする。小さな気づきを大切にしながら、今日という一日を丁寧に過ごしていきたいと思う。今日も静かな朝のひとときが訪れた。窓の外はまだ薄暗く、心に浮かぶ言葉をそのまま書き留めていく。昨日の出来事や、これからやりたいこと、ふと感じた不安や期待を、評価せずにただ流していく。書くことで思考が少しずつ整理され、前向きな気持ちになれる気がする。小さな気づきを大切にしながら、今日という一日を丁寧に過ごしていきたいと思う。今日も静かな朝のひとときが訪れた。窓の外はまだ薄暗く、心に浮かぶ言葉をそのまま書き留めていく。昨日の出来事や、これからやりたいこと、ふと感じた不安や期待を、評価せずにただ流していく。書くことで思考が少しずつ整理され、前向きな気持ちになれる気がする。小さな気づきを大切にしながら、今日という一日を丁寧に過ごしていきたいと思う。今日も静かな朝のひとときが訪れた。窓の外はまだ薄暗く、心に浮かぶ言葉をそのまま書き留めていく。昨日の出来事や、これからやりたいこと、ふと感じた不安や期待を、評価せずにただ流していく。書くことで思考が少しずつ整理され、前向きな気持ちになれる気がする。小さな気づきを大切にしながら、今日という一日を丁寧に過ごしていきたいと思う。今日も静かな朝のひとときが訪れた。窓の外はまだ薄暗く、心に浮かぶ言葉をそのまま書き留めていく。昨日の出来事や、これからやりたいこと、ふと感じた不安や期待を、評価せずにただ流していく。書くことで思考が少しずつ整理され、前向きな気持ちになれる気がする。小さな気づきを大切にしながら、今日という一日を丁寧に過ごしていきたいと思う。今日も静かな朝のひとときが訪れた。窓の外はまだ薄暗く、心に浮かぶ言葉をそのまま書き留めていく。昨日の出来事や、これからやりたいこと、ふと感じた不安や期待を、評価せずにただ流していく。書くことで思考が少しずつ整理され、前向きな気持ちになれる気がする。小さな気づきを大切にしながら、今日という一日を丁寧に過ごしていきたいと思う。今日も静かな朝のひとときが訪れた。窓の外はまだ薄暗く、心に浮かぶ言葉をそのまま書き留めていく。昨日の出来事や、これからやりたいこと、ふと感じた不安や期待を、評価せずにただ流していく。書くことで思考が少しずつ整理され、前向きな気持ちになれる気がする。小さな気づきを大切にしながら、今日という一日を丁寧に過ごしていきたいと思う。今日も静かな朝のひとときが訪れた。窓の外はまだ薄暗く、心に浮かぶ言葉をそのまま書き留めていく。昨日の出来事や、これからやりたいこと、ふと感じた不安や期待を、評価せずにただ流していく。書くことで思考が少しずつ整理され、前向きな気持ちになれる気がする。小さな気づきを大切にしながら、今日という一日を丁寧に過ごしていきたいと思う。今', 1459, '2026-05-11 08:00:00', '2026-05-11 08:00:00');
INSERT INTO MorningPages (user_id, entry_date, content, character_count, created_at, updated_at) VALUES ('00fb977a-b868-40bc-b67c-517d24e49ec7', '2026-05-12', '今日も静かな朝のひとときが訪れた。窓の外はまだ薄暗く、心に浮かぶ言葉をそのまま書き留めていく。昨日の出来事や、これからやりたいこと、ふと感じた不安や期待を、評価せずにただ流していく。書くことで思考が少しずつ整理され、前向きな気持ちになれる気がする。小さな気づきを大切にしながら、今日という一日を丁寧に過ごしていきたいと思う。今日も静かな朝のひとときが訪れた。窓の外はまだ薄暗く、心に浮かぶ言葉をそのまま書き留めていく。昨日の出来事や、これからやりたいこと、ふと感じた不安や期待を、評価せずにただ流していく。書くことで思考が少しずつ整理され、前向きな気持ちになれる気がする。小さな気づきを大切にしながら、今日という一日を丁寧に過ごしていきたいと思う。今日も静かな朝のひとときが訪れた。窓の外はまだ薄暗く、心に浮かぶ言葉をそのまま書き留めていく。昨日の出来事や、これからやりたいこと、ふと感じた不安や期待を、評価せずにただ流していく。書くことで思考が少しずつ整理され、前向きな気持ちになれる気がする。小さな気づきを大切にしながら、今日という一日を丁寧に過ごしていきたいと思う。今日も静かな朝のひとときが訪れた。窓の外はまだ薄暗く、心に浮かぶ言葉をそのまま書き留めていく。昨日の出来事や、これからやりたいこと、ふと感じた不安や期待を、評価せずにただ流していく。書くことで思考が少しずつ整理され、前向きな気持ちになれる気がする。小さな気づきを大切にしながら、今日という一日を丁寧に過ごしていきたいと思う。今日も静かな朝のひとときが訪れた。窓の外はまだ薄暗く、心に浮かぶ言葉をそのまま書き留めていく。昨日の出来事や、これからやりたいこと、ふと感じた不安や期待を、評価せずにただ流していく。書くことで思考が少しずつ整理され、前向きな気持ちになれる気がする。小さな気づきを大切にしながら、今日という一日を丁寧に過ごしていきたいと思う。今日も静かな朝のひとときが訪れた。窓の外はまだ薄暗く、心に浮かぶ言葉をそのまま書き留めていく。昨日の出来事や、これからやりたいこと、ふと感じた不安や期待を、評価せずにただ流していく。書くことで思考が少しずつ整理され、前向きな気持ちになれる気がする。小さな気づきを大切にしながら、今日という一日を丁寧に過ごしていきたいと思う。今日も静かな朝のひとときが訪れた。窓の外はまだ薄暗く、心に浮かぶ言葉をそのまま書き留めていく。昨日の出来事や、これからやりたいこと、ふと感じた不安や期待を、評価せずにただ流していく。書くことで思考が少しずつ整理され、前向きな気持ちになれる気がする。小さな気づきを大切にしながら、今日という一日を丁寧に過ごしていきたいと思う。今日も静かな朝のひとときが訪れた。窓の外はまだ薄暗く、心に浮かぶ言葉をそのまま書き留めていく。昨日の出来事や、これからやりたいこと、ふと感じた不安や期待を、評価せずにただ流していく。書くことで思考が少しずつ整理され、前向きな気持ちになれる気がする。小さな気づきを大切にしながら、今日という一日を丁寧に過ごしていきたいと思う。今日も静かな朝のひとときが訪れた。窓の外はまだ薄暗く、心に浮かぶ言葉をそのまま書き留めていく。昨日の出来事や、これからやりたいこと、ふと感じた不安や期待を、評価せずにただ流していく。書くことで思考が少しずつ整理され、前向きな気持ちになれる気がする。小さな気づきを大切にしながら、今日という一日を丁寧に過ごしていきたいと思う。今日も静かな朝の', 1466, '2026-05-12 08:00:00', '2026-05-12 08:00:00');
INSERT INTO MorningPages (user_id, entry_date, content, character_count, created_at, updated_at) VALUES ('00fb977a-b868-40bc-b67c-517d24e49ec7', '2026-05-13', '今日も静かな朝のひとときが訪れた。窓の外はまだ薄暗く、心に浮かぶ言葉をそのまま書き留めていく。昨日の出来事や、これからやりたいこと、ふと感じた不安や期待を、評価せずにただ流していく。書くことで思考が少しずつ整理され、前向きな気持ちになれる気がする。小さな気づきを大切にしながら、今日という一日を丁寧に過ごしていきたいと思う。今日も静かな朝のひとときが訪れた。窓の外はまだ薄暗く、心に浮かぶ言葉をそのまま書き留めていく。昨日の出来事や、これからやりたいこと、ふと感じた不安や期待を、評価せずにただ流していく。書くことで思考が少しずつ整理され、前向きな気持ちになれる気がする。小さな気づきを大切にしながら、今日という一日を丁寧に過ごしていきたいと思う。今日も静かな朝のひとときが訪れた。窓の外はまだ薄暗く、心に浮かぶ言葉をそのまま書き留めていく。昨日の出来事や、これからやりたいこと、ふと感じた不安や期待を、評価せずにただ流していく。書くことで思考が少しずつ整理され、前向きな気持ちになれる気がする。小さな気づきを大切にしながら、今日という一日を丁寧に過ごしていきたいと思う。今日も静かな朝のひとときが訪れた。窓の外はまだ薄暗く、心に浮かぶ言葉をそのまま書き留めていく。昨日の出来事や、これからやりたいこと、ふと感じた不安や期待を、評価せずにただ流していく。書くことで思考が少しずつ整理され、前向きな気持ちになれる気がする。小さな気づきを大切にしながら、今日という一日を丁寧に過ごしていきたいと思う。今日も静かな朝のひとときが訪れた。窓の外はまだ薄暗く、心に浮かぶ言葉をそのまま書き留めていく。昨日の出来事や、これからやりたいこと、ふと感じた不安や期待を、評価せずにただ流していく。書くことで思考が少しずつ整理され、前向きな気持ちになれる気がする。小さな気づきを大切にしながら、今日という一日を丁寧に過ごしていきたいと思う。今日も静かな朝のひとときが訪れた。窓の外はまだ薄暗く、心に浮かぶ言葉をそのまま書き留めていく。昨日の出来事や、これからやりたいこと、ふと感じた不安や期待を、評価せずにただ流していく。書くことで思考が少しずつ整理され、前向きな気持ちになれる気がする。小さな気づきを大切にしながら、今日という一日を丁寧に過ごしていきたいと思う。今日も静かな朝のひとときが訪れた。窓の外はまだ薄暗く、心に浮かぶ言葉をそのまま書き留めていく。昨日の出来事や、これからやりたいこと、ふと感じた不安や期待を、評価せずにただ流していく。書くことで思考が少しずつ整理され、前向きな気持ちになれる気がする。小さな気づきを大切にしながら、今日という一日を丁寧に過ごしていきたいと思う。今日も静かな朝のひとときが訪れた。窓の外はまだ薄暗く、心に浮かぶ言葉をそのまま書き留めていく。昨日の出来事や、これからやりたいこと、ふと感じた不安や期待を、評価せずにただ流していく。書くことで思考が少しずつ整理され、前向きな気持ちになれる気がする。小さな気づきを大切にしながら、今日という一日を丁寧に過ごしていきたいと思う。今日も静かな朝のひとときが訪れた。窓の外はまだ薄暗く、心に浮かぶ言葉をそのまま書き留めていく。昨日の出来事や、これからやりたいこと、ふと感じた不安や期待を、評価せずにただ流していく。書くことで思考が少しずつ整理され、前向きな気持ちになれる気がする。小さな気づきを大切にしながら、今日という一日を丁寧に過ごしていきたいと思う。今日も静かな朝のひとときが訪れ', 1473, '2026-05-13 08:00:00', '2026-05-13 08:00:00');
INSERT INTO MorningPages (user_id, entry_date, content, character_count, created_at, updated_at) VALUES ('00fb977a-b868-40bc-b67c-517d24e49ec7', '2026-05-14', '今日も静かな朝のひとときが訪れた。窓の外はまだ薄暗く、心に浮かぶ言葉をそのまま書き留めていく。昨日の出来事や、これからやりたいこと、ふと感じた不安や期待を、評価せずにただ流していく。書くことで思考が少しずつ整理され、前向きな気持ちになれる気がする。小さな気づきを大切にしながら、今日という一日を丁寧に過ごしていきたいと思う。今日も静かな朝のひとときが訪れた。窓の外はまだ薄暗く、心に浮かぶ言葉をそのまま書き留めていく。昨日の出来事や、これからやりたいこと、ふと感じた不安や期待を、評価せずにただ流していく。書くことで思考が少しずつ整理され、前向きな気持ちになれる気がする。小さな気づきを大切にしながら、今日という一日を丁寧に過ごしていきたいと思う。今日も静かな朝のひとときが訪れた。窓の外はまだ薄暗く、心に浮かぶ言葉をそのまま書き留めていく。昨日の出来事や、これからやりたいこと、ふと感じた不安や期待を、評価せずにただ流していく。書くことで思考が少しずつ整理され、前向きな気持ちになれる気がする。小さな気づきを大切にしながら、今日という一日を丁寧に過ごしていきたいと思う。今日も静かな朝のひとときが訪れた。窓の外はまだ薄暗く、心に浮かぶ言葉をそのまま書き留めていく。昨日の出来事や、これからやりたいこと、ふと感じた不安や期待を、評価せずにただ流していく。書くことで思考が少しずつ整理され、前向きな気持ちになれる気がする。小さな気づきを大切にしながら、今日という一日を丁寧に過ごしていきたいと思う。今日も静かな朝のひとときが訪れた。窓の外はまだ薄暗く、心に浮かぶ言葉をそのまま書き留めていく。昨日の出来事や、これからやりたいこと、ふと感じた不安や期待を、評価せずにただ流していく。書くことで思考が少しずつ整理され、前向きな気持ちになれる気がする。小さな気づきを大切にしながら、今日という一日を丁寧に過ごしていきたいと思う。今日も静かな朝のひとときが訪れた。窓の外はまだ薄暗く、心に浮かぶ言葉をそのまま書き留めていく。昨日の出来事や、これからやりたいこと、ふと感じた不安や期待を、評価せずにただ流していく。書くことで思考が少しずつ整理され、前向きな気持ちになれる気がする。小さな気づきを大切にしながら、今日という一日を丁寧に過ごしていきたいと思う。今日も静かな朝のひとときが訪れた。窓の外はまだ薄暗く、心に浮かぶ言葉をそのまま書き留めていく。昨日の出来事や、これからやりたいこと、ふと感じた不安や期待を、評価せずにただ流していく。書くことで思考が少しずつ整理され、前向きな気持ちになれる気がする。小さな気づきを大切にしながら、今日という一日を丁寧に過ごしていきたいと思う。今日も静かな朝のひとときが訪れた。窓の外はまだ薄暗く、心に浮かぶ言葉をそのまま書き留めていく。昨日の出来事や、これからやりたいこと、ふと感じた不安や期待を、評価せずにただ流していく。書くことで思考が少しずつ整理され、前向きな気持ちになれる気がする。小さな気づきを大切にしながら、今日という一日を丁寧に過ごしていきたいと思う。今日も静かな朝のひとときが訪れた。窓の外はまだ薄暗く、心に浮かぶ言葉をそのまま書き留めていく。昨日の出来事や、これからやりたいこと、ふと感じた不安や期待を、評価せずにただ流していく。書くことで思考が少しずつ整理され、前向きな気持ちになれる気がする。小さな気づきを大切にしながら、今日という一日を丁寧に過ごしていきたいと思う。今日も静かな朝のひとときが訪れた。窓の外はま', 1480, '2026-05-14 08:00:00', '2026-05-14 08:00:00');
INSERT INTO MorningPages (user_id, entry_date, content, character_count, created_at, updated_at) VALUES ('00fb977a-b868-40bc-b67c-517d24e49ec7', '2026-05-15', '今日も静かな朝のひとときが訪れた。窓の外はまだ薄暗く、心に浮かぶ言葉をそのまま書き留めていく。昨日の出来事や、これからやりたいこと、ふと感じた不安や期待を、評価せずにただ流していく。書くことで思考が少しずつ整理され、前向きな気持ちになれる気がする。小さな気づきを大切にしながら、今日という一日を丁寧に過ごしていきたいと思う。今日も静かな朝のひとときが訪れた。窓の外はまだ薄暗く、心に浮かぶ言葉をそのまま書き留めていく。昨日の出来事や、これからやりたいこと、ふと感じた不安や期待を、評価せずにただ流していく。書くことで思考が少しずつ整理され、前向きな気持ちになれる気がする。小さな気づきを大切にしながら、今日という一日を丁寧に過ごしていきたいと思う。今日も静かな朝のひとときが訪れた。窓の外はまだ薄暗く、心に浮かぶ言葉をそのまま書き留めていく。昨日の出来事や、これからやりたいこと、ふと感じた不安や期待を、評価せずにただ流していく。書くことで思考が少しずつ整理され、前向きな気持ちになれる気がする。小さな気づきを大切にしながら、今日という一日を丁寧に過ごしていきたいと思う。今日も静かな朝のひとときが訪れた。窓の外はまだ薄暗く、心に浮かぶ言葉をそのまま書き留めていく。昨日の出来事や、これからやりたいこと、ふと感じた不安や期待を、評価せずにただ流していく。書くことで思考が少しずつ整理され、前向きな気持ちになれる気がする。小さな気づきを大切にしながら、今日という一日を丁寧に過ごしていきたいと思う。今日も静かな朝のひとときが訪れた。窓の外はまだ薄暗く、心に浮かぶ言葉をそのまま書き留めていく。昨日の出来事や、これからやりたいこと、ふと感じた不安や期待を、評価せずにただ流していく。書くことで思考が少しずつ整理され、前向きな気持ちになれる気がする。小さな気づきを大切にしながら、今日という一日を丁寧に過ごしていきたいと思う。今日も静かな朝のひとときが訪れた。窓の外はまだ薄暗く、心に浮かぶ言葉をそのまま書き留めていく。昨日の出来事や、これからやりたいこと、ふと感じた不安や期待を、評価せずにただ流していく。書くことで思考が少しずつ整理され、前向きな気持ちになれる気がする。小さな気づきを大切にしながら、今日という一日を丁寧に過ごしていきたいと思う。今日も静かな朝のひとときが訪れた。窓の外はまだ薄暗く、心に浮かぶ言葉をそのまま書き留めていく。昨日の出来事や、これからやりたいこと、ふと感じた不安や期待を、評価せずにただ流していく。書くことで思考が少しずつ整理され、前向きな気持ちになれる気がする。小さな気づきを大切にしながら、今日という一日を丁寧に過ごしていきたいと思う。今日も静かな朝のひとときが訪れた。窓の外はまだ薄暗く、心に浮かぶ言葉をそのまま書き留めていく。昨日の出来事や、これからやりたいこと、ふと感じた不安や期待を、評価せずにただ流していく。書くことで思考が少しずつ整理され、前向きな気持ちになれる気がする。小さな気づきを大切にしながら、今日という一日を丁寧に過ごしていきたいと思う。今日も静かな朝のひとときが訪れた。窓の外はまだ薄暗く、心に浮かぶ言葉をそのまま書き留めていく。昨日の出来事や、これからやりたいこと、ふと感じた不安や期待を、評価せずにただ流していく。書くことで思考が少しずつ整理され、前向きな気持ちになれる気がする。小さな気づきを大切にしながら、今日という一日を丁寧に過ごしていきたいと思う。今日も静かな朝のひとときが訪れた。窓の外はまだ薄暗く、心に', 1487, '2026-05-15 08:00:00', '2026-05-15 08:00:00');
INSERT INTO MorningPages (user_id, entry_date, content, character_count, created_at, updated_at) VALUES ('00fb977a-b868-40bc-b67c-517d24e49ec7', '2026-05-16', '今日も静かな朝のひとときが訪れた。窓の外はまだ薄暗く、心に浮かぶ言葉をそのまま書き留めていく。昨日の出来事や、これからやりたいこと、ふと感じた不安や期待を、評価せずにただ流していく。書くことで思考が少しずつ整理され、前向きな気持ちになれる気がする。小さな気づきを大切にしながら、今日という一日を丁寧に過ごしていきたいと思う。今日も静かな朝のひとときが訪れた。窓の外はまだ薄暗く、心に浮かぶ言葉をそのまま書き留めていく。昨日の出来事や、これからやりたいこと、ふと感じた不安や期待を、評価せずにただ流していく。書くことで思考が少しずつ整理され、前向きな気持ちになれる気がする。小さな気づきを大切にしながら、今日という一日を丁寧に過ごしていきたいと思う。今日も静かな朝のひとときが訪れた。窓の外はまだ薄暗く、心に浮かぶ言葉をそのまま書き留めていく。昨日の出来事や、これからやりたいこと、ふと感じた不安や期待を、評価せずにただ流していく。書くことで思考が少しずつ整理され、前向きな気持ちになれる気がする。小さな気づきを大切にしながら、今日という一日を丁寧に過ごしていきたいと思う。今日も静かな朝のひとときが訪れた。窓の外はまだ薄暗く、心に浮かぶ言葉をそのまま書き留めていく。昨日の出来事や、これからやりたいこと、ふと感じた不安や期待を、評価せずにただ流していく。書くことで思考が少しずつ整理され、前向きな気持ちになれる気がする。小さな気づきを大切にしながら、今日という一日を丁寧に過ごしていきたいと思う。今日も静かな朝のひとときが訪れた。窓の外はまだ薄暗く、心に浮かぶ言葉をそのまま書き留めていく。昨日の出来事や、これからやりたいこと、ふと感じた不安や期待を、評価せずにただ流していく。書くことで思考が少しずつ整理され、前向きな気持ちになれる気がする。小さな気づきを大切にしながら、今日という一日を丁寧に過ごしていきたいと思う。今日も静かな朝のひとときが訪れた。窓の外はまだ薄暗く、心に浮かぶ言葉をそのまま書き留めていく。昨日の出来事や、これからやりたいこと、ふと感じた不安や期待を、評価せずにただ流していく。書くことで思考が少しずつ整理され、前向きな気持ちになれる気がする。小さな気づきを大切にしながら、今日という一日を丁寧に過ごしていきたいと思う。今日も静かな朝のひとときが訪れた。窓の外はまだ薄暗く、心に浮かぶ言葉をそのまま書き留めていく。昨日の出来事や、これからやりたいこと、ふと感じた不安や期待を、評価せずにただ流していく。書くことで思考が少しずつ整理され、前向きな気持ちになれる気がする。小さな気づきを大切にしながら、今日という一日を丁寧に過ごしていきたいと思う。今日も静かな朝のひとときが訪れた。窓の外はまだ薄暗く、心に浮かぶ言葉をそのまま書き留めていく。昨日の出来事や、これからやりたいこと、ふと感じた不安や期待を、評価せずにただ流していく。書くことで思考が少しずつ整理され、前向きな気持ちになれる気がする。小さな気づきを大切にしながら、今日という一日を丁寧に過ごしていきたいと思う。今日も静かな朝のひとときが訪れた。窓の外はまだ薄暗く、心に浮かぶ言葉をそのまま書き留めていく。昨日の出来事や、これからやりたいこと、ふと感じた不安や期待を、評価せずにただ流していく。書くことで思考が少しずつ整理され、前向きな気持ちになれる気がする。小さな気づきを大切にしながら、今日という一日を丁寧に過ごしていきたいと思う。今日も静かな朝のひとときが訪れた。窓の外はまだ薄暗く、心に浮かぶ言葉をそ', 1494, '2026-05-16 08:00:00', '2026-05-16 08:00:00');
INSERT INTO MorningPages (user_id, entry_date, content, character_count, created_at, updated_at) VALUES ('00fb977a-b868-40bc-b67c-517d24e49ec7', '2026-05-17', '今日も静かな朝のひとときが訪れた。窓の外はまだ薄暗く、心に浮かぶ言葉をそのまま書き留めていく。昨日の出来事や、これからやりたいこと、ふと感じた不安や期待を、評価せずにただ流していく。書くことで思考が少しずつ整理され、前向きな気持ちになれる気がする。小さな気づきを大切にしながら、今日という一日を丁寧に過ごしていきたいと思う。今日も静かな朝のひとときが訪れた。窓の外はまだ薄暗く、心に浮かぶ言葉をそのまま書き留めていく。昨日の出来事や、これからやりたいこと、ふと感じた不安や期待を、評価せずにただ流していく。書くことで思考が少しずつ整理され、前向きな気持ちになれる気がする。小さな気づきを大切にしながら、今日という一日を丁寧に過ごしていきたいと思う。今日も静かな朝のひとときが訪れた。窓の外はまだ薄暗く、心に浮かぶ言葉をそのまま書き留めていく。昨日の出来事や、これからやりたいこと、ふと感じた不安や期待を、評価せずにただ流していく。書くことで思考が少しずつ整理され、前向きな気持ちになれる気がする。小さな気づきを大切にしながら、今日という一日を丁寧に過ごしていきたいと思う。今日も静かな朝のひとときが訪れた。窓の外はまだ薄暗く、心に浮かぶ言葉をそのまま書き留めていく。昨日の出来事や、これからやりたいこと、ふと感じた不安や期待を、評価せずにただ流していく。書くことで思考が少しずつ整理され、前向きな気持ちになれる気がする。小さな気づきを大切にしながら、今日という一日を丁寧に過ごしていきたいと思う。今日も静かな朝のひとときが訪れた。窓の外はまだ薄暗く、心に浮かぶ言葉をそのまま書き留めていく。昨日の出来事や、これからやりたいこと、ふと感じた不安や期待を、評価せずにただ流していく。書くことで思考が少しずつ整理され、前向きな気持ちになれる気がする。小さな気づきを大切にしながら、今日という一日を丁寧に過ごしていきたいと思う。今日も静かな朝のひとときが訪れた。窓の外はまだ薄暗く、心に浮かぶ言葉をそのまま書き留めていく。昨日の出来事や、これからやりたいこと、ふと感じた不安や期待を、評価せずにただ流していく。書くことで思考が少しずつ整理され、前向きな気持ちになれる気がする。小さな気づきを大切にしながら、今日という一日を丁寧に過ごしていきたいと思う。今日も静かな朝のひとときが訪れた。窓の外はまだ薄暗く、心に浮かぶ言葉をそのまま書き留めていく。昨日の出来事や、これからやりたいこと、ふと感じた不安や期待を、評価せずにただ流していく。書くことで思考が少しずつ整理され、前向きな気持ちになれる気がする。小さな気づきを大切にしながら、今日という一日を丁寧に過ごしていきたいと思う。今日も静かな朝のひとときが訪れた。窓の外はまだ薄暗く、心に浮かぶ言葉をそのまま書き留めていく。昨日の出来事や、これからやりたいこと、', 1200, '2026-05-17 08:00:00', '2026-05-17 08:00:00');
INSERT INTO MorningPages (user_id, entry_date, content, character_count, created_at, updated_at) VALUES ('00fb977a-b868-40bc-b67c-517d24e49ec7', '2026-05-18', '今日も静かな朝のひとときが訪れた。窓の外はまだ薄暗く、心に浮かぶ言葉をそのまま書き留めていく。昨日の出来事や、これからやりたいこと、ふと感じた不安や期待を、評価せずにただ流していく。書くことで思考が少しずつ整理され、前向きな気持ちになれる気がする。小さな気づきを大切にしながら、今日という一日を丁寧に過ごしていきたいと思う。今日も静かな朝のひとときが訪れた。窓の外はまだ薄暗く、心に浮かぶ言葉をそのまま書き留めていく。昨日の出来事や、これからやりたいこと、ふと感じた不安や期待を、評価せずにただ流していく。書くことで思考が少しずつ整理され、前向きな気持ちになれる気がする。小さな気づきを大切にしながら、今日という一日を丁寧に過ごしていきたいと思う。今日も静かな朝のひとときが訪れた。窓の外はまだ薄暗く、心に浮かぶ言葉をそのまま書き留めていく。昨日の出来事や、これからやりたいこと、ふと感じた不安や期待を、評価せずにただ流していく。書くことで思考が少しずつ整理され、前向きな気持ちになれる気がする。小さな気づきを大切にしながら、今日という一日を丁寧に過ごしていきたいと思う。今日も静かな朝のひとときが訪れた。窓の外はまだ薄暗く、心に浮かぶ言葉をそのまま書き留めていく。昨日の出来事や、これからやりたいこと、ふと感じた不安や期待を、評価せずにただ流していく。書くことで思考が少しずつ整理され、前向きな気持ちになれる気がする。小さな気づきを大切にしながら、今日という一日を丁寧に過ごしていきたいと思う。今日も静かな朝のひとときが訪れた。窓の外はまだ薄暗く、心に浮かぶ言葉をそのまま書き留めていく。昨日の出来事や、これからやりたいこと、ふと感じた不安や期待を、評価せずにただ流していく。書くことで思考が少しずつ整理され、前向きな気持ちになれる気がする。小さな気づきを大切にしながら、今日という一日を丁寧に過ごしていきたいと思う。今日も静かな朝のひとときが訪れた。窓の外はまだ薄暗く、心に浮かぶ言葉をそのまま書き留めていく。昨日の出来事や、これからやりたいこと、ふと感じた不安や期待を、評価せずにただ流していく。書くことで思考が少しずつ整理され、前向きな気持ちになれる気がする。小さな気づきを大切にしながら、今日という一日を丁寧に過ごしていきたいと思う。今日も静かな朝のひとときが訪れた。窓の外はまだ薄暗く、心に浮かぶ言葉をそのまま書き留めていく。昨日の出来事や、これからやりたいこと、ふと感じた不安や期待を、評価せずにただ流していく。書くことで思考が少しずつ整理され、前向きな気持ちになれる気がする。小さな気づきを大切にしながら、今日という一日を丁寧に過ごしていきたいと思う。今日も静かな朝のひとときが訪れた。窓の外はまだ薄暗く、心に浮かぶ言葉をそのまま書き留めていく。昨日の出来事や、これからやりたいこと、ふと感じた不安', 1207, '2026-05-18 08:00:00', '2026-05-18 08:00:00');
INSERT INTO MorningPages (user_id, entry_date, content, character_count, created_at, updated_at) VALUES ('00fb977a-b868-40bc-b67c-517d24e49ec7', '2026-05-19', '今日も静かな朝のひとときが訪れた。窓の外はまだ薄暗く、心に浮かぶ言葉をそのまま書き留めていく。昨日の出来事や、これからやりたいこと、ふと感じた不安や期待を、評価せずにただ流していく。書くことで思考が少しずつ整理され、前向きな気持ちになれる気がする。小さな気づきを大切にしながら、今日という一日を丁寧に過ごしていきたいと思う。今日も静かな朝のひとときが訪れた。窓の外はまだ薄暗く、心に浮かぶ言葉をそのまま書き留めていく。昨日の出来事や、これからやりたいこと、ふと感じた不安や期待を、評価せずにただ流していく。書くことで思考が少しずつ整理され、前向きな気持ちになれる気がする。小さな気づきを大切にしながら、今日という一日を丁寧に過ごしていきたいと思う。今日も静かな朝のひとときが訪れた。窓の外はまだ薄暗く、心に浮かぶ言葉をそのまま書き留めていく。昨日の出来事や、これからやりたいこと、ふと感じた不安や期待を、評価せずにただ流していく。書くことで思考が少しずつ整理され、前向きな気持ちになれる気がする。小さな気づきを大切にしながら、今日という一日を丁寧に過ごしていきたいと思う。今日も静かな朝のひとときが訪れた。窓の外はまだ薄暗く、心に浮かぶ言葉をそのまま書き留めていく。昨日の出来事や、これからやりたいこと、ふと感じた不安や期待を、評価せずにただ流していく。書くことで思考が少しずつ整理され、前向きな気持ちになれる気がする。小さな気づきを大切にしながら、今日という一日を丁寧に過ごしていきたいと思う。今日も静かな朝のひとときが訪れた。窓の外はまだ薄暗く、心に浮かぶ言葉をそのまま書き留めていく。昨日の出来事や、これからやりたいこと、ふと感じた不安や期待を、評価せずにただ流していく。書くことで思考が少しずつ整理され、前向きな気持ちになれる気がする。小さな気づきを大切にしながら、今日という一日を丁寧に過ごしていきたいと思う。今日も静かな朝のひとときが訪れた。窓の外はまだ薄暗く、心に浮かぶ言葉をそのまま書き留めていく。昨日の出来事や、これからやりたいこと、ふと感じた不安や期待を、評価せずにただ流していく。書くことで思考が少しずつ整理され、前向きな気持ちになれる気がする。小さな気づきを大切にしながら、今日という一日を丁寧に過ごしていきたいと思う。今日も静かな朝のひとときが訪れた。窓の外はまだ薄暗く、心に浮かぶ言葉をそのまま書き留めていく。昨日の出来事や、これからやりたいこと、ふと感じた不安や期待を、評価せずにただ流していく。書くことで思考が少しずつ整理され、前向きな気持ちになれる気がする。小さな気づきを大切にしながら、今日という一日を丁寧に過ごしていきたいと思う。今日も静かな朝のひとときが訪れた。窓の外はまだ薄暗く、心に浮かぶ言葉をそのまま書き留めていく。昨日の出来事や、これからやりたいこと、ふと感じた不安や期待を、評価', 1214, '2026-05-19 08:00:00', '2026-05-19 08:00:00');
INSERT INTO MorningPages (user_id, entry_date, content, character_count, created_at, updated_at) VALUES ('00fb977a-b868-40bc-b67c-517d24e49ec7', '2026-05-20', '今日も静かな朝のひとときが訪れた。窓の外はまだ薄暗く、心に浮かぶ言葉をそのまま書き留めていく。昨日の出来事や、これからやりたいこと、ふと感じた不安や期待を、評価せずにただ流していく。書くことで思考が少しずつ整理され、前向きな気持ちになれる気がする。小さな気づきを大切にしながら、今日という一日を丁寧に過ごしていきたいと思う。今日も静かな朝のひとときが訪れた。窓の外はまだ薄暗く、心に浮かぶ言葉をそのまま書き留めていく。昨日の出来事や、これからやりたいこと、ふと感じた不安や期待を、評価せずにただ流していく。書くことで思考が少しずつ整理され、前向きな気持ちになれる気がする。小さな気づきを大切にしながら、今日という一日を丁寧に過ごしていきたいと思う。今日も静かな朝のひとときが訪れた。窓の外はまだ薄暗く、心に浮かぶ言葉をそのまま書き留めていく。昨日の出来事や、これからやりたいこと、ふと感じた不安や期待を、評価せずにただ流していく。書くことで思考が少しずつ整理され、前向きな気持ちになれる気がする。小さな気づきを大切にしながら、今日という一日を丁寧に過ごしていきたいと思う。今日も静かな朝のひとときが訪れた。窓の外はまだ薄暗く、心に浮かぶ言葉をそのまま書き留めていく。昨日の出来事や、これからやりたいこと、ふと感じた不安や期待を、評価せずにただ流していく。書くことで思考が少しずつ整理され、前向きな気持ちになれる気がする。小さな気づきを大切にしながら、今日という一日を丁寧に過ごしていきたいと思う。今日も静かな朝のひとときが訪れた。窓の外はまだ薄暗く、心に浮かぶ言葉をそのまま書き留めていく。昨日の出来事や、これからやりたいこと、ふと感じた不安や期待を、評価せずにただ流していく。書くことで思考が少しずつ整理され、前向きな気持ちになれる気がする。小さな気づきを大切にしながら、今日という一日を丁寧に過ごしていきたいと思う。今日も静かな朝のひとときが訪れた。窓の外はまだ薄暗く、心に浮かぶ言葉をそのまま書き留めていく。昨日の出来事や、これからやりたいこと、ふと感じた不安や期待を、評価せずにただ流していく。書くことで思考が少しずつ整理され、前向きな気持ちになれる気がする。小さな気づきを大切にしながら、今日という一日を丁寧に過ごしていきたいと思う。今日も静かな朝のひとときが訪れた。窓の外はまだ薄暗く、心に浮かぶ言葉をそのまま書き留めていく。昨日の出来事や、これからやりたいこと、ふと感じた不安や期待を、評価せずにただ流していく。書くことで思考が少しずつ整理され、前向きな気持ちになれる気がする。小さな気づきを大切にしながら、今日という一日を丁寧に過ごしていきたいと思う。今日も静かな朝のひとときが訪れた。窓の外はまだ薄暗く、心に浮かぶ言葉をそのまま書き留めていく。昨日の出来事や、これからやりたいこと、ふと感じた不安や期待を、評価せずにただ流し', 1221, '2026-05-20 08:00:00', '2026-05-20 08:00:00');
INSERT INTO MorningPages (user_id, entry_date, content, character_count, created_at, updated_at) VALUES ('00fb977a-b868-40bc-b67c-517d24e49ec7', '2026-05-21', '今日も静かな朝のひとときが訪れた。窓の外はまだ薄暗く、心に浮かぶ言葉をそのまま書き留めていく。昨日の出来事や、これからやりたいこと、ふと感じた不安や期待を、評価せずにただ流していく。書くことで思考が少しずつ整理され、前向きな気持ちになれる気がする。小さな気づきを大切にしながら、今日という一日を丁寧に過ごしていきたいと思う。今日も静かな朝のひとときが訪れた。窓の外はまだ薄暗く、心に浮かぶ言葉をそのまま書き留めていく。昨日の出来事や、これからやりたいこと、ふと感じた不安や期待を、評価せずにただ流していく。書くことで思考が少しずつ整理され、前向きな気持ちになれる気がする。小さな気づきを大切にしながら、今日という一日を丁寧に過ごしていきたいと思う。今日も静かな朝のひとときが訪れた。窓の外はまだ薄暗く、心に浮かぶ言葉をそのまま書き留めていく。昨日の出来事や、これからやりたいこと、ふと感じた不安や期待を、評価せずにただ流していく。書くことで思考が少しずつ整理され、前向きな気持ちになれる気がする。小さな気づきを大切にしながら、今日という一日を丁寧に過ごしていきたいと思う。今日も静かな朝のひとときが訪れた。窓の外はまだ薄暗く、心に浮かぶ言葉をそのまま書き留めていく。昨日の出来事や、これからやりたいこと、ふと感じた不安や期待を、評価せずにただ流していく。書くことで思考が少しずつ整理され、前向きな気持ちになれる気がする。小さな気づきを大切にしながら、今日という一日を丁寧に過ごしていきたいと思う。今日も静かな朝のひとときが訪れた。窓の外はまだ薄暗く、心に浮かぶ言葉をそのまま書き留めていく。昨日の出来事や、これからやりたいこと、ふと感じた不安や期待を、評価せずにただ流していく。書くことで思考が少しずつ整理され、前向きな気持ちになれる気がする。小さな気づきを大切にしながら、今日という一日を丁寧に過ごしていきたいと思う。今日も静かな朝のひとときが訪れた。窓の外はまだ薄暗く、心に浮かぶ言葉をそのまま書き留めていく。昨日の出来事や、これからやりたいこと、ふと感じた不安や期待を、評価せずにただ流していく。書くことで思考が少しずつ整理され、前向きな気持ちになれる気がする。小さな気づきを大切にしながら、今日という一日を丁寧に過ごしていきたいと思う。今日も静かな朝のひとときが訪れた。窓の外はまだ薄暗く、心に浮かぶ言葉をそのまま書き留めていく。昨日の出来事や、これからやりたいこと、ふと感じた不安や期待を、評価せずにただ流していく。書くことで思考が少しずつ整理され、前向きな気持ちになれる気がする。小さな気づきを大切にしながら、今日という一日を丁寧に過ごしていきたいと思う。今日も静かな朝のひとときが訪れた。窓の外はまだ薄暗く、心に浮かぶ言葉をそのまま書き留めていく。昨日の出来事や、これからやりたいこと、ふと感じた不安や期待を、評価せずにただ流していく。書くこ', 1228, '2026-05-21 08:00:00', '2026-05-21 08:00:00');
INSERT INTO MorningPages (user_id, entry_date, content, character_count, created_at, updated_at) VALUES ('00fb977a-b868-40bc-b67c-517d24e49ec7', '2026-05-22', '今日も静かな朝のひとときが訪れた。窓の外はまだ薄暗く、心に浮かぶ言葉をそのまま書き留めていく。昨日の出来事や、これからやりたいこと、ふと感じた不安や期待を、評価せずにただ流していく。書くことで思考が少しずつ整理され、前向きな気持ちになれる気がする。小さな気づきを大切にしながら、今日という一日を丁寧に過ごしていきたいと思う。今日も静かな朝のひとときが訪れた。窓の外はまだ薄暗く、心に浮かぶ言葉をそのまま書き留めていく。昨日の出来事や、これからやりたいこと、ふと感じた不安や期待を、評価せずにただ流していく。書くことで思考が少しずつ整理され、前向きな気持ちになれる気がする。小さな気づきを大切にしながら、今日という一日を丁寧に過ごしていきたいと思う。今日も静かな朝のひとときが訪れた。窓の外はまだ薄暗く、心に浮かぶ言葉をそのまま書き留めていく。昨日の出来事や、これからやりたいこと、ふと感じた不安や期待を、評価せずにただ流していく。書くことで思考が少しずつ整理され、前向きな気持ちになれる気がする。小さな気づきを大切にしながら、今日という一日を丁寧に過ごしていきたいと思う。今日も静かな朝のひとときが訪れた。窓の外はまだ薄暗く、心に浮かぶ言葉をそのまま書き留めていく。昨日の出来事や、これからやりたいこと、ふと感じた不安や期待を、評価せずにただ流していく。書くことで思考が少しずつ整理され、前向きな気持ちになれる気がする。小さな気づきを大切にしながら、今日という一日を丁寧に過ごしていきたいと思う。今日も静かな朝のひとときが訪れた。窓の外はまだ薄暗く、心に浮かぶ言葉をそのまま書き留めていく。昨日の出来事や、これからやりたいこと、ふと感じた不安や期待を、評価せずにただ流していく。書くことで思考が少しずつ整理され、前向きな気持ちになれる気がする。小さな気づきを大切にしながら、今日という一日を丁寧に過ごしていきたいと思う。今日も静かな朝のひとときが訪れた。窓の外はまだ薄暗く、心に浮かぶ言葉をそのまま書き留めていく。昨日の出来事や、これからやりたいこと、ふと感じた不安や期待を、評価せずにただ流していく。書くことで思考が少しずつ整理され、前向きな気持ちになれる気がする。小さな気づきを大切にしながら、今日という一日を丁寧に過ごしていきたいと思う。今日も静かな朝のひとときが訪れた。窓の外はまだ薄暗く、心に浮かぶ言葉をそのまま書き留めていく。昨日の出来事や、これからやりたいこと、ふと感じた不安や期待を、評価せずにただ流していく。書くことで思考が少しずつ整理され、前向きな気持ちになれる気がする。小さな気づきを大切にしながら、今日という一日を丁寧に過ごしていきたいと思う。今日も静かな朝のひとときが訪れた。窓の外はまだ薄暗く、心に浮かぶ言葉をそのまま書き留めていく。昨日の出来事や、これからやりたいこと、ふと感じた不安や期待を、評価せずにただ流していく。書くことで思考が少し', 1235, '2026-05-22 08:00:00', '2026-05-22 08:00:00');
INSERT INTO MorningPages (user_id, entry_date, content, character_count, created_at, updated_at) VALUES ('00fb977a-b868-40bc-b67c-517d24e49ec7', '2026-05-23', '今日も静かな朝のひとときが訪れた。窓の外はまだ薄暗く、心に浮かぶ言葉をそのまま書き留めていく。昨日の出来事や、これからやりたいこと、ふと感じた不安や期待を、評価せずにただ流していく。書くことで思考が少しずつ整理され、前向きな気持ちになれる気がする。小さな気づきを大切にしながら、今日という一日を丁寧に過ごしていきたいと思う。今日も静かな朝のひとときが訪れた。窓の外はまだ薄暗く、心に浮かぶ言葉をそのまま書き留めていく。昨日の出来事や、これからやりたいこと、ふと感じた不安や期待を、評価せずにただ流していく。書くことで思考が少しずつ整理され、前向きな気持ちになれる気がする。小さな気づきを大切にしながら、今日という一日を丁寧に過ごしていきたいと思う。今日も静かな朝のひとときが訪れた。窓の外はまだ薄暗く、心に浮かぶ言葉をそのまま書き留めていく。昨日の出来事や、これからやりたいこと、ふと感じた不安や期待を、評価せずにただ流していく。書くことで思考が少しずつ整理され、前向きな気持ちになれる気がする。小さな気づきを大切にしながら、今日という一日を丁寧に過ごしていきたいと思う。今日も静かな朝のひとときが訪れた。窓の外はまだ薄暗く、心に浮かぶ言葉をそのまま書き留めていく。昨日の出来事や、これからやりたいこと、ふと感じた不安や期待を、評価せずにただ流していく。書くことで思考が少しずつ整理され、前向きな気持ちになれる気がする。小さな気づきを大切にしながら、今日という一日を丁寧に過ごしていきたいと思う。今日も静かな朝のひとときが訪れた。窓の外はまだ薄暗く、心に浮かぶ言葉をそのまま書き留めていく。昨日の出来事や、これからやりたいこと、ふと感じた不安や期待を、評価せずにただ流していく。書くことで思考が少しずつ整理され、前向きな気持ちになれる気がする。小さな気づきを大切にしながら、今日という一日を丁寧に過ごしていきたいと思う。今日も静かな朝のひとときが訪れた。窓の外はまだ薄暗く、心に浮かぶ言葉をそのまま書き留めていく。昨日の出来事や、これからやりたいこと、ふと感じた不安や期待を、評価せずにただ流していく。書くことで思考が少しずつ整理され、前向きな気持ちになれる気がする。小さな気づきを大切にしながら、今日という一日を丁寧に過ごしていきたいと思う。今日も静かな朝のひとときが訪れた。窓の外はまだ薄暗く、心に浮かぶ言葉をそのまま書き留めていく。昨日の出来事や、これからやりたいこと、ふと感じた不安や期待を、評価せずにただ流していく。書くことで思考が少しずつ整理され、前向きな気持ちになれる気がする。小さな気づきを大切にしながら、今日という一日を丁寧に過ごしていきたいと思う。今日も静かな朝のひとときが訪れた。窓の外はまだ薄暗く、心に浮かぶ言葉をそのまま書き留めていく。昨日の出来事や、これからやりたいこと、ふと感じた不安や期待を、評価せずにただ流していく。書くことで思考が少しずつ整理され、', 1242, '2026-05-23 08:00:00', '2026-05-23 08:00:00');
INSERT INTO MorningPages (user_id, entry_date, content, character_count, created_at, updated_at) VALUES ('00fb977a-b868-40bc-b67c-517d24e49ec7', '2026-05-25', '今日も静かな朝のひとときが訪れた。窓の外はまだ薄暗く、心に浮かぶ言葉をそのまま書き留めていく。昨日の出来事や、これからやりたいこと、ふと感じた不安や期待を、評価せずにただ流していく。書くことで思考が少しずつ整理され、前向きな気持ちになれる気がする。小さな気づきを大切にしながら、今日という一日を丁寧に過ごしていきたいと思う。今日も静かな朝のひとときが訪れた。窓の外はまだ薄暗く、心に浮かぶ言葉をそのまま書き留めていく。昨日の出来事や、これからやりたいこと、ふと感じた不安や期待を、評価せずにただ流していく。書くことで思考が少しずつ整理され、前向きな気持ちになれる気がする。小さな気づきを大切にしながら、今日という一日を丁寧に過ごしていきたいと思う。今日も静かな朝のひとときが訪れた。窓の外はまだ薄暗く、心に浮かぶ言葉をそのまま書き留めていく。昨日の出来事や、これからやりたいこと、ふと感じた不安や期待を、評価せずにただ流していく。書くことで思考が少しずつ整理され、前向きな気持ちになれる気がする。小さな気づきを大切にしながら、今日という一日を丁寧に過ごしていきたいと思う。今日も静かな朝のひとときが訪れた。窓の外はまだ薄暗く、心に浮かぶ言葉をそのまま書き留めていく。昨日の出来事や、これからやりたいこと、ふと感じた不安や期待を、評価せずにただ流していく。書くことで思考が少しずつ整理され、前向きな気持ちになれる気がする。小さな気づきを大切にしながら、今日という一日を丁寧に過ごしていきたいと思う。今日も静かな朝のひとときが訪れた。窓の外はまだ薄暗く、心に浮かぶ言葉をそのまま書き留めていく。昨日の出来事や、これからやりたいこと、ふと感じた不安や期待を、評価せずにただ流していく。書くことで思考が少しずつ整理され、前向きな気持ちになれる気がする。小さな気づきを大切にしながら、今日という一日を丁寧に過ごしていきたいと思う。今日も静かな朝のひとときが訪れた。窓の外はまだ薄暗く、心に浮かぶ言葉をそのまま書き留めていく。昨日の出来事や、これからやりたいこと、ふと感じた不安や期待を、評価せずにただ流していく。書くことで思考が少しずつ整理され、前向きな気持ちになれる気がする。小さな気づきを大切にしながら、今日という一日を丁寧に過ごしていきたいと思う。今日も静かな朝のひとときが訪れた。窓の外はまだ薄暗く、心に浮かぶ言葉をそのまま書き留めていく。昨日の出来事や、これからやりたいこと、ふと感じた不安や期待を、評価せずにただ流していく。書くことで思考が少しずつ整理され、前向きな気持ちになれる気がする。小さな気づきを大切にしながら、今日という一日を丁寧に過ごしていきたいと思う。今日も静かな朝のひとときが訪れた。窓の外はまだ薄暗く、心に浮かぶ言葉をそのまま書き留めていく。昨日の出来事や、これからやりたいこと、ふと感じた不安や期待を、評価せずにただ流していく。書くことで思考が少しずつ整理され、前向きな気持ちになれる気がす', 1256, '2026-05-25 08:00:00', '2026-05-25 08:00:00');
INSERT INTO MorningPages (user_id, entry_date, content, character_count, created_at, updated_at) VALUES ('00fb977a-b868-40bc-b67c-517d24e49ec7', '2026-05-26', '今日も静かな朝のひとときが訪れた。窓の外はまだ薄暗く、心に浮かぶ言葉をそのまま書き留めていく。昨日の出来事や、これからやりたいこと、ふと感じた不安や期待を、評価せずにただ流していく。書くことで思考が少しずつ整理され、前向きな気持ちになれる気がする。小さな気づきを大切にしながら、今日という一日を丁寧に過ごしていきたいと思う。今日も静かな朝のひとときが訪れた。窓の外はまだ薄暗く、心に浮かぶ言葉をそのまま書き留めていく。昨日の出来事や、これからやりたいこと、ふと感じた不安や期待を、評価せずにただ流していく。書くことで思考が少しずつ整理され、前向きな気持ちになれる気がする。小さな気づきを大切にしながら、今日という一日を丁寧に過ごしていきたいと思う。今日も静かな朝のひとときが訪れた。窓の外はまだ薄暗く、心に浮かぶ言葉をそのまま書き留めていく。昨日の出来事や、これからやりたいこと、ふと感じた不安や期待を、評価せずにただ流していく。書くことで思考が少しずつ整理され、前向きな気持ちになれる気がする。小さな気づきを大切にしながら、今日という一日を丁寧に過ごしていきたいと思う。今日も静かな朝のひとときが訪れた。窓の外はまだ薄暗く、心に浮かぶ言葉をそのまま書き留めていく。昨日の出来事や、これからやりたいこと、ふと感じた不安や期待を、評価せずにただ流していく。書くことで思考が少しずつ整理され、前向きな気持ちになれる気がする。小さな気づきを大切にしながら、今日という一日を丁寧に過ごしていきたいと思う。今日も静かな朝のひとときが訪れた。窓の外はまだ薄暗く、心に浮かぶ言葉をそのまま書き留めていく。昨日の出来事や、これからやりたいこと、ふと感じた不安や期待を、評価せずにただ流していく。書くことで思考が少しずつ整理され、前向きな気持ちになれる気がする。小さな気づきを大切にしながら、今日という一日を丁寧に過ごしていきたいと思う。今日も静かな朝のひとときが訪れた。窓の外はまだ薄暗く、心に浮かぶ言葉をそのまま書き留めていく。昨日の出来事や、これからやりたいこと、ふと感じた不安や期待を、評価せずにただ流していく。書くことで思考が少しずつ整理され、前向きな気持ちになれる気がする。小さな気づきを大切にしながら、今日という一日を丁寧に過ごしていきたいと思う。今日も静かな朝のひとときが訪れた。窓の外はまだ薄暗く、心に浮かぶ言葉をそのまま書き留めていく。昨日の出来事や、これからやりたいこと、ふと感じた不安や期待を、評価せずにただ流していく。書くことで思考が少しずつ整理され、前向きな気持ちになれる気がする。小さな気づきを大切にしながら、今日という一日を丁寧に過ごしていきたいと思う。今日も静かな朝のひとときが訪れた。窓の外はまだ薄暗く、心に浮かぶ言葉をそのまま書き留めていく。昨日の出来事や、これからやりたいこと、ふと感じた不安や期待を、評価せずにただ流していく。書くことで思考が少しずつ整理され、前向きな気持ちになれる気がする。小さな気づ', 1263, '2026-05-26 08:00:00', '2026-05-26 08:00:00');
INSERT INTO MorningPages (user_id, entry_date, content, character_count, created_at, updated_at) VALUES ('00fb977a-b868-40bc-b67c-517d24e49ec7', '2026-05-27', '今日も静かな朝のひとときが訪れた。窓の外はまだ薄暗く、心に浮かぶ言葉をそのまま書き留めていく。昨日の出来事や、これからやりたいこと、ふと感じた不安や期待を、評価せずにただ流していく。書くことで思考が少しずつ整理され、前向きな気持ちになれる気がする。小さな気づきを大切にしながら、今日という一日を丁寧に過ごしていきたいと思う。今日も静かな朝のひとときが訪れた。窓の外はまだ薄暗く、心に浮かぶ言葉をそのまま書き留めていく。昨日の出来事や、これからやりたいこと、ふと感じた不安や期待を、評価せずにただ流していく。書くことで思考が少しずつ整理され、前向きな気持ちになれる気がする。小さな気づきを大切にしながら、今日という一日を丁寧に過ごしていきたいと思う。今日も静かな朝のひとときが訪れた。窓の外はまだ薄暗く、心に浮かぶ言葉をそのまま書き留めていく。昨日の出来事や、これからやりたいこと、ふと感じた不安や期待を、評価せずにただ流していく。書くことで思考が少しずつ整理され、前向きな気持ちになれる気がする。小さな気づきを大切にしながら、今日という一日を丁寧に過ごしていきたいと思う。今日も静かな朝のひとときが訪れた。窓の外はまだ薄暗く、心に浮かぶ言葉をそのまま書き留めていく。昨日の出来事や、これからやりたいこと、ふと感じた不安や期待を、評価せずにただ流していく。書くことで思考が少しずつ整理され、前向きな気持ちになれる気がする。小さな気づきを大切にしながら、今日という一日を丁寧に過ごしていきたいと思う。今日も静かな朝のひとときが訪れた。窓の外はまだ薄暗く、心に浮かぶ言葉をそのまま書き留めていく。昨日の出来事や、これからやりたいこと、ふと感じた不安や期待を、評価せずにただ流していく。書くことで思考が少しずつ整理され、前向きな気持ちになれる気がする。小さな気づきを大切にしながら、今日という一日を丁寧に過ごしていきたいと思う。今日も静かな朝のひとときが訪れた。窓の外はまだ薄暗く、心に浮かぶ言葉をそのまま書き留めていく。昨日の出来事や、これからやりたいこと、ふと感じた不安や期待を、評価せずにただ流していく。書くことで思考が少しずつ整理され、前向きな気持ちになれる気がする。小さな気づきを大切にしながら、今日という一日を丁寧に過ごしていきたいと思う。今日も静かな朝のひとときが訪れた。窓の外はまだ薄暗く、心に浮かぶ言葉をそのまま書き留めていく。昨日の出来事や、これからやりたいこと、ふと感じた不安や期待を、評価せずにただ流していく。書くことで思考が少しずつ整理され、前向きな気持ちになれる気がする。小さな気づきを大切にしながら、今日という一日を丁寧に過ごしていきたいと思う。今日も静かな朝のひとときが訪れた。窓の外はまだ薄暗く、心に浮かぶ言葉をそのまま書き留めていく。昨日の出来事や、これからやりたいこと、ふと感じた不安や期待を、評価せずにただ流していく。書くことで思考が少しずつ整理され、前向きな気持ちになれる気がする。小さな気づきを大切にしな', 1270, '2026-05-27 08:00:00', '2026-05-27 08:00:00');
INSERT INTO MorningPages (user_id, entry_date, content, character_count, created_at, updated_at) VALUES ('00fb977a-b868-40bc-b67c-517d24e49ec7', '2026-05-28', '今日も静かな朝のひとときが訪れた。窓の外はまだ薄暗く、心に浮かぶ言葉をそのまま書き留めていく。昨日の出来事や、これからやりたいこと、ふと感じた不安や期待を、評価せずにただ流していく。書くことで思考が少しずつ整理され、前向きな気持ちになれる気がする。小さな気づきを大切にしながら、今日という一日を丁寧に過ごしていきたいと思う。今日も静かな朝のひとときが訪れた。窓の外はまだ薄暗く、心に浮かぶ言葉をそのまま書き留めていく。昨日の出来事や、これからやりたいこと、ふと感じた不安や期待を、評価せずにただ流していく。書くことで思考が少しずつ整理され、前向きな気持ちになれる気がする。小さな気づきを大切にしながら、今日という一日を丁寧に過ごしていきたいと思う。今日も静かな朝のひとときが訪れた。窓の外はまだ薄暗く、心に浮かぶ言葉をそのまま書き留めていく。昨日の出来事や、これからやりたいこと、ふと感じた不安や期待を、評価せずにただ流していく。書くことで思考が少しずつ整理され、前向きな気持ちになれる気がする。小さな気づきを大切にしながら、今日という一日を丁寧に過ごしていきたいと思う。今日も静かな朝のひとときが訪れた。窓の外はまだ薄暗く、心に浮かぶ言葉をそのまま書き留めていく。昨日の出来事や、これからやりたいこと、ふと感じた不安や期待を、評価せずにただ流していく。書くことで思考が少しずつ整理され、前向きな気持ちになれる気がする。小さな気づきを大切にしながら、今日という一日を丁寧に過ごしていきたいと思う。今日も静かな朝のひとときが訪れた。窓の外はまだ薄暗く、心に浮かぶ言葉をそのまま書き留めていく。昨日の出来事や、これからやりたいこと、ふと感じた不安や期待を、評価せずにただ流していく。書くことで思考が少しずつ整理され、前向きな気持ちになれる気がする。小さな気づきを大切にしながら、今日という一日を丁寧に過ごしていきたいと思う。今日も静かな朝のひとときが訪れた。窓の外はまだ薄暗く、心に浮かぶ言葉をそのまま書き留めていく。昨日の出来事や、これからやりたいこと、ふと感じた不安や期待を、評価せずにただ流していく。書くことで思考が少しずつ整理され、前向きな気持ちになれる気がする。小さな気づきを大切にしながら、今日という一日を丁寧に過ごしていきたいと思う。今日も静かな朝のひとときが訪れた。窓の外はまだ薄暗く、心に浮かぶ言葉をそのまま書き留めていく。昨日の出来事や、これからやりたいこと、ふと感じた不安や期待を、評価せずにただ流していく。書くことで思考が少しずつ整理され、前向きな気持ちになれる気がする。小さな気づきを大切にしながら、今日という一日を丁寧に過ごしていきたいと思う。今日も静かな朝のひとときが訪れた。窓の外はまだ薄暗く、心に浮かぶ言葉をそのまま書き留めていく。昨日の出来事や、これからやりたいこと、ふと感じた不安や期待を、評価せずにただ流していく。書くことで思考が少しずつ整理され、前向きな気持ちになれる気がする。小さな気づきを大切にしながら、今日とい', 1277, '2026-05-28 08:00:00', '2026-05-28 08:00:00');
INSERT INTO MorningPages (user_id, entry_date, content, character_count, created_at, updated_at) VALUES ('00fb977a-b868-40bc-b67c-517d24e49ec7', '2026-05-29', '今日も静かな朝のひとときが訪れた。窓の外はまだ薄暗く、心に浮かぶ言葉をそのまま書き留めていく。昨日の出来事や、これからやりたいこと、ふと感じた不安や期待を、評価せずにただ流していく。書くことで思考が少しずつ整理され、前向きな気持ちになれる気がする。小さな気づきを大切にしながら、今日という一日を丁寧に過ごしていきたいと思う。今日も静かな朝のひとときが訪れた。窓の外はまだ薄暗く、心に浮かぶ言葉をそのまま書き留めていく。昨日の出来事や、これからやりたいこと、ふと感じた不安や期待を、評価せずにただ流していく。書くことで思考が少しずつ整理され、前向きな気持ちになれる気がする。小さな気づきを大切にしながら、今日という一日を丁寧に過ごしていきたいと思う。今日も静かな朝のひとときが訪れた。窓の外はまだ薄暗く、心に浮かぶ言葉をそのまま書き留めていく。昨日の出来事や、これからやりたいこと、ふと感じた不安や期待を、評価せずにただ流していく。書くことで思考が少しずつ整理され、前向きな気持ちになれる気がする。小さな気づきを大切にしながら、今日という一日を丁寧に過ごしていきたいと思う。今日も静かな朝のひとときが訪れた。窓の外はまだ薄暗く、心に浮かぶ言葉をそのまま書き留めていく。昨日の出来事や、これからやりたいこと、ふと感じた不安や期待を、評価せずにただ流していく。書くことで思考が少しずつ整理され、前向きな気持ちになれる気がする。小さな気づきを大切にしながら、今日という一日を丁寧に過ごしていきたいと思う。今日も静かな朝のひとときが訪れた。窓の外はまだ薄暗く、心に浮かぶ言葉をそのまま書き留めていく。昨日の出来事や、これからやりたいこと、ふと感じた不安や期待を、評価せずにただ流していく。書くことで思考が少しずつ整理され、前向きな気持ちになれる気がする。小さな気づきを大切にしながら、今日という一日を丁寧に過ごしていきたいと思う。今日も静かな朝のひとときが訪れた。窓の外はまだ薄暗く、心に浮かぶ言葉をそのまま書き留めていく。昨日の出来事や、これからやりたいこと、ふと感じた不安や期待を、評価せずにただ流していく。書くことで思考が少しずつ整理され、前向きな気持ちになれる気がする。小さな気づきを大切にしながら、今日という一日を丁寧に過ごしていきたいと思う。今日も静かな朝のひとときが訪れた。窓の外はまだ薄暗く、心に浮かぶ言葉をそのまま書き留めていく。昨日の出来事や、これからやりたいこと、ふと感じた不安や期待を、評価せずにただ流していく。書くことで思考が少しずつ整理され、前向きな気持ちになれる気がする。小さな気づきを大切にしながら、今日という一日を丁寧に過ごしていきたいと思う。今日も静かな朝のひとときが訪れた。窓の外はまだ薄暗く、心に浮かぶ言葉をそのまま書き留めていく。昨日の出来事や、これからやりたいこと、ふと感じた不安や期待を、評価せずにただ流していく。書くことで思考が少しずつ整理され、前向きな気持ちになれる気がする。小さな気づきを大切にしながら、今日という一日を丁寧に', 1284, '2026-05-29 08:00:00', '2026-05-29 08:00:00');
INSERT INTO MorningPages (user_id, entry_date, content, character_count, created_at, updated_at) VALUES ('00fb977a-b868-40bc-b67c-517d24e49ec7', '2026-05-30', '今日も静かな朝のひとときが訪れた。窓の外はまだ薄暗く、心に浮かぶ言葉をそのまま書き留めていく。昨日の出来事や、これからやりたいこと、ふと感じた不安や期待を、評価せずにただ流していく。書くことで思考が少しずつ整理され、前向きな気持ちになれる気がする。小さな気づきを大切にしながら、今日という一日を丁寧に過ごしていきたいと思う。今日も静かな朝のひとときが訪れた。窓の外はまだ薄暗く、心に浮かぶ言葉をそのまま書き留めていく。昨日の出来事や、これからやりたいこと、ふと感じた不安や期待を、評価せずにただ流していく。書くことで思考が少しずつ整理され、前向きな気持ちになれる気がする。小さな気づきを大切にしながら、今日という一日を丁寧に過ごしていきたいと思う。今日も静かな朝のひとときが訪れた。窓の外はまだ薄暗く、心に浮かぶ言葉をそのまま書き留めていく。昨日の出来事や、これからやりたいこと、ふと感じた不安や期待を、評価せずにただ流していく。書くことで思考が少しずつ整理され、前向きな気持ちになれる気がする。小さな気づきを大切にしながら、今日という一日を丁寧に過ごしていきたいと思う。今日も静かな朝のひとときが訪れた。窓の外はまだ薄暗く、心に浮かぶ言葉をそのまま書き留めていく。昨日の出来事や、これからやりたいこと、ふと感じた不安や期待を、評価せずにただ流していく。書くことで思考が少しずつ整理され、前向きな気持ちになれる気がする。小さな気づきを大切にしながら、今日という一日を丁寧に過ごしていきたいと思う。今日も静かな朝のひとときが訪れた。窓の外はまだ薄暗く、心に浮かぶ言葉をそのまま書き留めていく。昨日の出来事や、これからやりたいこと、ふと感じた不安や期待を、評価せずにただ流していく。書くことで思考が少しずつ整理され、前向きな気持ちになれる気がする。小さな気づきを大切にしながら、今日という一日を丁寧に過ごしていきたいと思う。今日も静かな朝のひとときが訪れた。窓の外はまだ薄暗く、心に浮かぶ言葉をそのまま書き留めていく。昨日の出来事や、これからやりたいこと、ふと感じた不安や期待を、評価せずにただ流していく。書くことで思考が少しずつ整理され、前向きな気持ちになれる気がする。小さな気づきを大切にしながら、今日という一日を丁寧に過ごしていきたいと思う。今日も静かな朝のひとときが訪れた。窓の外はまだ薄暗く、心に浮かぶ言葉をそのまま書き留めていく。昨日の出来事や、これからやりたいこと、ふと感じた不安や期待を、評価せずにただ流していく。書くことで思考が少しずつ整理され、前向きな気持ちになれる気がする。小さな気づきを大切にしながら、今日という一日を丁寧に過ごしていきたいと思う。今日も静かな朝のひとときが訪れた。窓の外はまだ薄暗く、心に浮かぶ言葉をそのまま書き留めていく。昨日の出来事や、これからやりたいこと、ふと感じた不安や期待を、評価せずにただ流していく。書くことで思考が少しずつ整理され、前向きな気持ちになれる気がする。小さな気づきを大切にしながら、今日という一日を丁寧に過ごしていきた', 1291, '2026-05-30 08:00:00', '2026-05-30 08:00:00');
INSERT INTO MorningPages (user_id, entry_date, content, character_count, created_at, updated_at) VALUES ('00fb977a-b868-40bc-b67c-517d24e49ec7', '2026-05-31', '今日も静かな朝のひとときが訪れた。窓の外はまだ薄暗く、心に浮かぶ言葉をそのまま書き留めていく。昨日の出来事や、これからやりたいこと、ふと感じた不安や期待を、評価せずにただ流していく。書くことで思考が少しずつ整理され、前向きな気持ちになれる気がする。小さな気づきを大切にしながら、今日という一日を丁寧に過ごしていきたいと思う。今日も静かな朝のひとときが訪れた。窓の外はまだ薄暗く、心に浮かぶ言葉をそのまま書き留めていく。昨日の出来事や、これからやりたいこと、ふと感じた不安や期待を、評価せずにただ流していく。書くことで思考が少しずつ整理され、前向きな気持ちになれる気がする。小さな気づきを大切にしながら、今日という一日を丁寧に過ごしていきたいと思う。今日も静かな朝のひとときが訪れた。窓の外はまだ薄暗く、心に浮かぶ言葉をそのまま書き留めていく。昨日の出来事や、これからやりたいこと、ふと感じた不安や期待を、評価せずにただ流していく。書くことで思考が少しずつ整理され、前向きな気持ちになれる気がする。小さな気づきを大切にしながら、今日という一日を丁寧に過ごしていきたいと思う。今日も静かな朝のひとときが訪れた。窓の外はまだ薄暗く、心に浮かぶ言葉をそのまま書き留めていく。昨日の出来事や、これからやりたいこと、ふと感じた不安や期待を、評価せずにただ流していく。書くことで思考が少しずつ整理され、前向きな気持ちになれる気がする。小さな気づきを大切にしながら、今日という一日を丁寧に過ごしていきたいと思う。今日も静かな朝のひとときが訪れた。窓の外はまだ薄暗く、心に浮かぶ言葉をそのまま書き留めていく。昨日の出来事や、これからやりたいこと、ふと感じた不安や期待を、評価せずにただ流していく。書くことで思考が少しずつ整理され、前向きな気持ちになれる気がする。小さな気づきを大切にしながら、今日という一日を丁寧に過ごしていきたいと思う。今日も静かな朝のひとときが訪れた。窓の外はまだ薄暗く、心に浮かぶ言葉をそのまま書き留めていく。昨日の出来事や、これからやりたいこと、ふと感じた不安や期待を、評価せずにただ流していく。書くことで思考が少しずつ整理され、前向きな気持ちになれる気がする。小さな気づきを大切にしながら、今日という一日を丁寧に過ごしていきたいと思う。今日も静かな朝のひとときが訪れた。窓の外はまだ薄暗く、心に浮かぶ言葉をそのまま書き留めていく。昨日の出来事や、これからやりたいこと、ふと感じた不安や期待を、評価せずにただ流していく。書くことで思考が少しずつ整理され、前向きな気持ちになれる気がする。小さな気づきを大切にしながら、今日という一日を丁寧に過ごしていきたいと思う。今日も静かな朝のひとときが訪れた。窓の外はまだ薄暗く、心に浮かぶ言葉をそのまま書き留めていく。昨日の出来事や、これからやりたいこと、ふと感じた不安や期待を、評価せずにただ流していく。書くことで思考が少しずつ整理され、前向きな気持ちになれる気がする。小さな気づきを大切にしながら、今日という一日を丁寧に過ごしていきたいと思う。今日', 1298, '2026-05-31 08:00:00', '2026-05-31 08:00:00');
INSERT INTO MorningPages (user_id, entry_date, content, character_count, created_at, updated_at) VALUES ('00fb977a-b868-40bc-b67c-517d24e49ec7', '2026-06-01', '今日も静かな朝のひとときが訪れた。窓の外はまだ薄暗く、心に浮かぶ言葉をそのまま書き留めていく。昨日の出来事や、これからやりたいこと、ふと感じた不安や期待を、評価せずにただ流していく。書くことで思考が少しずつ整理され、前向きな気持ちになれる気がする。小さな気づきを大切にしながら、今日という一日を丁寧に過ごしていきたいと思う。今日も静かな朝のひとときが訪れた。窓の外はまだ薄暗く、心に浮かぶ言葉をそのまま書き留めていく。昨日の出来事や、これからやりたいこと、ふと感じた不安や期待を、評価せずにただ流していく。書くことで思考が少しずつ整理され、前向きな気持ちになれる気がする。小さな気づきを大切にしながら、今日という一日を丁寧に過ごしていきたいと思う。今日も静かな朝のひとときが訪れた。窓の外はまだ薄暗く、心に浮かぶ言葉をそのまま書き留めていく。昨日の出来事や、これからやりたいこと、ふと感じた不安や期待を、評価せずにただ流していく。書くことで思考が少しずつ整理され、前向きな気持ちになれる気がする。小さな気づきを大切にしながら、今日という一日を丁寧に過ごしていきたいと思う。今日も静かな朝のひとときが訪れた。窓の外はまだ薄暗く、心に浮かぶ言葉をそのまま書き留めていく。昨日の出来事や、これからやりたいこと、ふと感じた不安や期待を、評価せずにただ流していく。書くことで思考が少しずつ整理され、前向きな気持ちになれる気がする。小さな気づきを大切にしながら、今日という一日を丁寧に過ごしていきたいと思う。今日も静かな朝のひとときが訪れた。窓の外はまだ薄暗く、心に浮かぶ言葉をそのまま書き留めていく。昨日の出来事や、これからやりたいこと、ふと感じた不安や期待を、評価せずにただ流していく。書くことで思考が少しずつ整理され、前向きな気持ちになれる気がする。小さな気づきを大切にしながら、今日という一日を丁寧に過ごしていきたいと思う。今日も静かな朝のひとときが訪れた。窓の外はまだ薄暗く、心に浮かぶ言葉をそのまま書き留めていく。昨日の出来事や、これからやりたいこと、ふと感じた不安や期待を、評価せずにただ流していく。書くことで思考が少しずつ整理され、前向きな気持ちになれる気がする。小さな気づきを大切にしながら、今日という一日を丁寧に過ごしていきたいと思う。今日も静かな朝のひとときが訪れた。窓の外はまだ薄暗く、心に浮かぶ言葉をそのまま書き留めていく。昨日の出来事や、これからやりたいこと、ふと感じた不安や期待を、評価せずにただ流していく。書くことで思考が少しずつ整理され、前向きな気持ちになれる気がする。小さな気づきを大切にしながら、今日という一日を丁寧に過ごしていきたいと思う。今日も静かな朝のひとときが訪れた。窓の外はまだ薄暗く、心に浮かぶ言葉をそのまま書き留めていく。昨日の出来事や、これからやりたいこと、ふと感じた不安や期待を、評価せずにただ流していく。書くことで思考が少しずつ整理され、前向きな気持ちになれる気がする。小さな気づきを大切にしながら、今日という一日を丁寧に過ごしていきたいと思う。今日も静かな朝のひ', 1305, '2026-06-01 08:00:00', '2026-06-01 08:00:00');
INSERT INTO MorningPages (user_id, entry_date, content, character_count, created_at, updated_at) VALUES ('00fb977a-b868-40bc-b67c-517d24e49ec7', '2026-06-02', '今日も静かな朝のひとときが訪れた。窓の外はまだ薄暗く、心に浮かぶ言葉をそのまま書き留めていく。昨日の出来事や、これからやりたいこと、ふと感じた不安や期待を、評価せずにただ流していく。書くことで思考が少しずつ整理され、前向きな気持ちになれる気がする。小さな気づきを大切にしながら、今日という一日を丁寧に過ごしていきたいと思う。今日も静かな朝のひとときが訪れた。窓の外はまだ薄暗く、心に浮かぶ言葉をそのまま書き留めていく。昨日の出来事や、これからやりたいこと、ふと感じた不安や期待を、評価せずにただ流していく。書くことで思考が少しずつ整理され、前向きな気持ちになれる気がする。小さな気づきを大切にしながら、今日という一日を丁寧に過ごしていきたいと思う。今日も静かな朝のひとときが訪れた。窓の外はまだ薄暗く、心に浮かぶ言葉をそのまま書き留めていく。昨日の出来事や、これからやりたいこと、ふと感じた不安や期待を、評価せずにただ流していく。書くことで思考が少しずつ整理され、前向きな気持ちになれる気がする。小さな気づきを大切にしながら、今日という一日を丁寧に過ごしていきたいと思う。今日も静かな朝のひとときが訪れた。窓の外はまだ薄暗く、心に浮かぶ言葉をそのまま書き留めていく。昨日の出来事や、これからやりたいこと、ふと感じた不安や期待を、評価せずにただ流していく。書くことで思考が少しずつ整理され、前向きな気持ちになれる気がする。小さな気づきを大切にしながら、今日という一日を丁寧に過ごしていきたいと思う。今日も静かな朝のひとときが訪れた。窓の外はまだ薄暗く、心に浮かぶ言葉をそのまま書き留めていく。昨日の出来事や、これからやりたいこと、ふと感じた不安や期待を、評価せずにただ流していく。書くことで思考が少しずつ整理され、前向きな気持ちになれる気がする。小さな気づきを大切にしながら、今日という一日を丁寧に過ごしていきたいと思う。今日も静かな朝のひとときが訪れた。窓の外はまだ薄暗く、心に浮かぶ言葉をそのまま書き留めていく。昨日の出来事や、これからやりたいこと、ふと感じた不安や期待を、評価せずにただ流していく。書くことで思考が少しずつ整理され、前向きな気持ちになれる気がする。小さな気づきを大切にしながら、今日という一日を丁寧に過ごしていきたいと思う。今日も静かな朝のひとときが訪れた。窓の外はまだ薄暗く、心に浮かぶ言葉をそのまま書き留めていく。昨日の出来事や、これからやりたいこと、ふと感じた不安や期待を、評価せずにただ流していく。書くことで思考が少しずつ整理され、前向きな気持ちになれる気がする。小さな気づきを大切にしながら、今日という一日を丁寧に過ごしていきたいと思う。今日も静かな朝のひとときが訪れた。窓の外はまだ薄暗く、心に浮かぶ言葉をそのまま書き留めていく。昨日の出来事や、これからやりたいこと、ふと感じた不安や期待を、評価せずにただ流していく。書くことで思考が少しずつ整理され、前向きな気持ちになれる気がする。小さな気づきを大切にしながら、今日という一日を丁寧に過ごしていきたいと思う。今日も静かな朝のひとときが訪れた', 1312, '2026-06-02 08:00:00', '2026-06-02 08:00:00');
INSERT INTO MorningPages (user_id, entry_date, content, character_count, created_at, updated_at) VALUES ('00fb977a-b868-40bc-b67c-517d24e49ec7', '2026-06-03', '今日も静かな朝のひとときが訪れた。窓の外はまだ薄暗く、心に浮かぶ言葉をそのまま書き留めていく。昨日の出来事や、これからやりたいこと、ふと感じた不安や期待を、評価せずにただ流していく。書くことで思考が少しずつ整理され、前向きな気持ちになれる気がする。小さな気づきを大切にしながら、今日という一日を丁寧に過ごしていきたいと思う。今日も静かな朝のひとときが訪れた。窓の外はまだ薄暗く、心に浮かぶ言葉をそのまま書き留めていく。昨日の出来事や、これからやりたいこと、ふと感じた不安や期待を、評価せずにただ流していく。書くことで思考が少しずつ整理され、前向きな気持ちになれる気がする。小さな気づきを大切にしながら、今日という一日を丁寧に過ごしていきたいと思う。今日も静かな朝のひとときが訪れた。窓の外はまだ薄暗く、心に浮かぶ言葉をそのまま書き留めていく。昨日の出来事や、これからやりたいこと、ふと感じた不安や期待を、評価せずにただ流していく。書くことで思考が少しずつ整理され、前向きな気持ちになれる気がする。小さな気づきを大切にしながら、今日という一日を丁寧に過ごしていきたいと思う。今日も静かな朝のひとときが訪れた。窓の外はまだ薄暗く、心に浮かぶ言葉をそのまま書き留めていく。昨日の出来事や、これからやりたいこと、ふと感じた不安や期待を、評価せずにただ流していく。書くことで思考が少しずつ整理され、前向きな気持ちになれる気がする。小さな気づきを大切にしながら、今日という一日を丁寧に過ごしていきたいと思う。今日も静かな朝のひとときが訪れた。窓の外はまだ薄暗く、心に浮かぶ言葉をそのまま書き留めていく。昨日の出来事や、これからやりたいこと、ふと感じた不安や期待を、評価せずにただ流していく。書くことで思考が少しずつ整理され、前向きな気持ちになれる気がする。小さな気づきを大切にしながら、今日という一日を丁寧に過ごしていきたいと思う。今日も静かな朝のひとときが訪れた。窓の外はまだ薄暗く、心に浮かぶ言葉をそのまま書き留めていく。昨日の出来事や、これからやりたいこと、ふと感じた不安や期待を、評価せずにただ流していく。書くことで思考が少しずつ整理され、前向きな気持ちになれる気がする。小さな気づきを大切にしながら、今日という一日を丁寧に過ごしていきたいと思う。今日も静かな朝のひとときが訪れた。窓の外はまだ薄暗く、心に浮かぶ言葉をそのまま書き留めていく。昨日の出来事や、これからやりたいこと、ふと感じた不安や期待を、評価せずにただ流していく。書くことで思考が少しずつ整理され、前向きな気持ちになれる気がする。小さな気づきを大切にしながら、今日という一日を丁寧に過ごしていきたいと思う。今日も静かな朝のひとときが訪れた。窓の外はまだ薄暗く、心に浮かぶ言葉をそのまま書き留めていく。昨日の出来事や、これからやりたいこと、ふと感じた不安や期待を、評価せずにただ流していく。書くことで思考が少しずつ整理され、前向きな気持ちになれる気がする。小さな気づきを大切にしながら、今日という一日を丁寧に過ごしていきたいと思う。今日も静かな朝のひとときが訪れた。窓の外はまだ', 1319, '2026-06-03 08:00:00', '2026-06-03 08:00:00');
INSERT INTO MorningPages (user_id, entry_date, content, character_count, created_at, updated_at) VALUES ('00fb977a-b868-40bc-b67c-517d24e49ec7', '2026-06-05', '今日も静かな朝のひとときが訪れた。窓の外はまだ薄暗く、心に浮かぶ言葉をそのまま書き留めていく。昨日の出来事や、これからやりたいこと、ふと感じた不安や期待を、評価せずにただ流していく。書くことで思考が少しずつ整理され、前向きな気持ちになれる気がする。小さな気づきを大切にしながら、今日という一日を丁寧に過ごしていきたいと思う。今日も静かな朝のひとときが訪れた。窓の外はまだ薄暗く、心に浮かぶ言葉をそのまま書き留めていく。昨日の出来事や、これからやりたいこと、ふと感じた不安や期待を、評価せずにただ流していく。書くことで思考が少しずつ整理され、前向きな気持ちになれる気がする。小さな気づきを大切にしながら、今日という一日を丁寧に過ごしていきたいと思う。今日も静かな朝のひとときが訪れた。窓の外はまだ薄暗く、心に浮かぶ言葉をそのまま書き留めていく。昨日の出来事や、これからやりたいこと、ふと感じた不安や期待を、評価せずにただ流していく。書くことで思考が少しずつ整理され、前向きな気持ちになれる気がする。小さな気づきを大切にしながら、今日という一日を丁寧に過ごしていきたいと思う。今日も静かな朝のひとときが訪れた。窓の外はまだ薄暗く、心に浮かぶ言葉をそのまま書き留めていく。昨日の出来事や、これからやりたいこと、ふと感じた不安や期待を、評価せずにただ流していく。書くことで思考が少しずつ整理され、前向きな気持ちになれる気がする。小さな気づきを大切にしながら、今日という一日を丁寧に過ごしていきたいと思う。今日も静かな朝のひとときが訪れた。窓の外はまだ薄暗く、心に浮かぶ言葉をそのまま書き留めていく。昨日の出来事や、これからやりたいこと、ふと感じた不安や期待を、評価せずにただ流していく。書くことで思考が少しずつ整理され、前向きな気持ちになれる気がする。小さな気づきを大切にしながら、今日という一日を丁寧に過ごしていきたいと思う。今日も静かな朝のひとときが訪れた。窓の外はまだ薄暗く、心に浮かぶ言葉をそのまま書き留めていく。昨日の出来事や、これからやりたいこと、ふと感じた不安や期待を、評価せずにただ流していく。書くことで思考が少しずつ整理され、前向きな気持ちになれる気がする。小さな気づきを大切にしながら、今日という一日を丁寧に過ごしていきたいと思う。今日も静かな朝のひとときが訪れた。窓の外はまだ薄暗く、心に浮かぶ言葉をそのまま書き留めていく。昨日の出来事や、これからやりたいこと、ふと感じた不安や期待を、評価せずにただ流していく。書くことで思考が少しずつ整理され、前向きな気持ちになれる気がする。小さな気づきを大切にしながら、今日という一日を丁寧に過ごしていきたいと思う。今日も静かな朝のひとときが訪れた。窓の外はまだ薄暗く、心に浮かぶ言葉をそのまま書き留めていく。昨日の出来事や、これからやりたいこと、ふと感じた不安や期待を、評価せずにただ流していく。書くことで思考が少しずつ整理され、前向きな気持ちになれる気がする。小さな気づきを大切にしながら、今日という一日を丁寧に過ごしていきたいと思う。今日も静かな朝のひとときが訪れた。窓の外はまだ薄暗く、心に浮かぶ言葉をその', 1333, '2026-06-05 08:00:00', '2026-06-05 08:00:00');
INSERT INTO MorningPages (user_id, entry_date, content, character_count, created_at, updated_at) VALUES ('00fb977a-b868-40bc-b67c-517d24e49ec7', '2026-06-06', '今日も静かな朝のひとときが訪れた。窓の外はまだ薄暗く、心に浮かぶ言葉をそのまま書き留めていく。昨日の出来事や、これからやりたいこと、ふと感じた不安や期待を、評価せずにただ流していく。書くことで思考が少しずつ整理され、前向きな気持ちになれる気がする。小さな気づきを大切にしながら、今日という一日を丁寧に過ごしていきたいと思う。今日も静かな朝のひとときが訪れた。窓の外はまだ薄暗く、心に浮かぶ言葉をそのまま書き留めていく。昨日の出来事や、これからやりたいこと、ふと感じた不安や期待を、評価せずにただ流していく。書くことで思考が少しずつ整理され、前向きな気持ちになれる気がする。小さな気づきを大切にしながら、今日という一日を丁寧に過ごしていきたいと思う。今日も静かな朝のひとときが訪れた。窓の外はまだ薄暗く、心に浮かぶ言葉をそのまま書き留めていく。昨日の出来事や、これからやりたいこと、ふと感じた不安や期待を、評価せずにただ流していく。書くことで思考が少しずつ整理され、前向きな気持ちになれる気がする。小さな気づきを大切にしながら、今日という一日を丁寧に過ごしていきたいと思う。今日も静かな朝のひとときが訪れた。窓の外はまだ薄暗く、心に浮かぶ言葉をそのまま書き留めていく。昨日の出来事や、これからやりたいこと、ふと感じた不安や期待を、評価せずにただ流していく。書くことで思考が少しずつ整理され、前向きな気持ちになれる気がする。小さな気づきを大切にしながら、今日という一日を丁寧に過ごしていきたいと思う。今日も静かな朝のひとときが訪れた。窓の外はまだ薄暗く、心に浮かぶ言葉をそのまま書き留めていく。昨日の出来事や、これからやりたいこと、ふと感じた不安や期待を、評価せずにただ流していく。書くことで思考が少しずつ整理され、前向きな気持ちになれる気がする。小さな気づきを大切にしながら、今日という一日を丁寧に過ごしていきたいと思う。今日も静かな朝のひとときが訪れた。窓の外はまだ薄暗く、心に浮かぶ言葉をそのまま書き留めていく。昨日の出来事や、これからやりたいこと、ふと感じた不安や期待を、評価せずにただ流していく。書くことで思考が少しずつ整理され、前向きな気持ちになれる気がする。小さな気づきを大切にしながら、今日という一日を丁寧に過ごしていきたいと思う。今日も静かな朝のひとときが訪れた。窓の外はまだ薄暗く、心に浮かぶ言葉をそのまま書き留めていく。昨日の出来事や、これからやりたいこと、ふと感じた不安や期待を、評価せずにただ流していく。書くことで思考が少しずつ整理され、前向きな気持ちになれる気がする。小さな気づきを大切にしながら、今日という一日を丁寧に過ごしていきたいと思う。今日も静かな朝のひとときが訪れた。窓の外はまだ薄暗く、心に浮かぶ言葉をそのまま書き留めていく。昨日の出来事や、これからやりたいこと、ふと感じた不安や期待を、評価せずにただ流していく。書くことで思考が少しずつ整理され、前向きな気持ちになれる気がする。小さな気づきを大切にしながら、今日という一日を丁寧に過ごしていきたいと思う。今日も静かな朝のひとときが訪れた。窓の外はまだ薄暗く、心に浮かぶ言葉をそのまま書き留めて', 1340, '2026-06-06 08:00:00', '2026-06-06 08:00:00');
INSERT INTO MorningPages (user_id, entry_date, content, character_count, created_at, updated_at) VALUES ('00fb977a-b868-40bc-b67c-517d24e49ec7', '2026-06-07', '今日も静かな朝のひとときが訪れた。窓の外はまだ薄暗く、心に浮かぶ言葉をそのまま書き留めていく。昨日の出来事や、これからやりたいこと、ふと感じた不安や期待を、評価せずにただ流していく。書くことで思考が少しずつ整理され、前向きな気持ちになれる気がする。小さな気づきを大切にしながら、今日という一日を丁寧に過ごしていきたいと思う。今日も静かな朝のひとときが訪れた。窓の外はまだ薄暗く、心に浮かぶ言葉をそのまま書き留めていく。昨日の出来事や、これからやりたいこと、ふと感じた不安や期待を、評価せずにただ流していく。書くことで思考が少しずつ整理され、前向きな気持ちになれる気がする。小さな気づきを大切にしながら、今日という一日を丁寧に過ごしていきたいと思う。今日も静かな朝のひとときが訪れた。窓の外はまだ薄暗く、心に浮かぶ言葉をそのまま書き留めていく。昨日の出来事や、これからやりたいこと、ふと感じた不安や期待を、評価せずにただ流していく。書くことで思考が少しずつ整理され、前向きな気持ちになれる気がする。小さな気づきを大切にしながら、今日という一日を丁寧に過ごしていきたいと思う。今日も静かな朝のひとときが訪れた。窓の外はまだ薄暗く、心に浮かぶ言葉をそのまま書き留めていく。昨日の出来事や、これからやりたいこと、ふと感じた不安や期待を、評価せずにただ流していく。書くことで思考が少しずつ整理され、前向きな気持ちになれる気がする。小さな気づきを大切にしながら、今日という一日を丁寧に過ごしていきたいと思う。今日も静かな朝のひとときが訪れた。窓の外はまだ薄暗く、心に浮かぶ言葉をそのまま書き留めていく。昨日の出来事や、これからやりたいこと、ふと感じた不安や期待を、評価せずにただ流していく。書くことで思考が少しずつ整理され、前向きな気持ちになれる気がする。小さな気づきを大切にしながら、今日という一日を丁寧に過ごしていきたいと思う。今日も静かな朝のひとときが訪れた。窓の外はまだ薄暗く、心に浮かぶ言葉をそのまま書き留めていく。昨日の出来事や、これからやりたいこと、ふと感じた不安や期待を、評価せずにただ流していく。書くことで思考が少しずつ整理され、前向きな気持ちになれる気がする。小さな気づきを大切にしながら、今日という一日を丁寧に過ごしていきたいと思う。今日も静かな朝のひとときが訪れた。窓の外はまだ薄暗く、心に浮かぶ言葉をそのまま書き留めていく。昨日の出来事や、これからやりたいこと、ふと感じた不安や期待を、評価せずにただ流していく。書くことで思考が少しずつ整理され、前向きな気持ちになれる気がする。小さな気づきを大切にしながら、今日という一日を丁寧に過ごしていきたいと思う。今日も静かな朝のひとときが訪れた。窓の外はまだ薄暗く、心に浮かぶ言葉をそのまま書き留めていく。昨日の出来事や、これからやりたいこと、ふと感じた不安や期待を、評価せずにただ流していく。書くことで思考が少しずつ整理され、前向きな気持ちになれる気がする。小さな気づきを大切にしながら、今日という一日を丁寧に過ごしていきたいと思う。今日も静かな朝のひとときが訪れた。窓の外はまだ薄暗く、心に浮かぶ言葉をそのまま書き留めていく。昨日の出', 1347, '2026-06-07 08:00:00', '2026-06-07 08:00:00');
INSERT INTO MorningPages (user_id, entry_date, content, character_count, created_at, updated_at) VALUES ('00fb977a-b868-40bc-b67c-517d24e49ec7', '2026-06-08', '今日も静かな朝のひとときが訪れた。窓の外はまだ薄暗く、心に浮かぶ言葉をそのまま書き留めていく。昨日の出来事や、これからやりたいこと、ふと感じた不安や期待を、評価せずにただ流していく。書くことで思考が少しずつ整理され、前向きな気持ちになれる気がする。小さな気づきを大切にしながら、今日という一日を丁寧に過ごしていきたいと思う。今日も静かな朝のひとときが訪れた。窓の外はまだ薄暗く、心に浮かぶ言葉をそのまま書き留めていく。昨日の出来事や、これからやりたいこと、ふと感じた不安や期待を、評価せずにただ流していく。書くことで思考が少しずつ整理され、前向きな気持ちになれる気がする。小さな気づきを大切にしながら、今日という一日を丁寧に過ごしていきたいと思う。今日も静かな朝のひとときが訪れた。窓の外はまだ薄暗く、心に浮かぶ言葉をそのまま書き留めていく。昨日の出来事や、これからやりたいこと、ふと感じた不安や期待を、評価せずにただ流していく。書くことで思考が少しずつ整理され、前向きな気持ちになれる気がする。小さな気づきを大切にしながら、今日という一日を丁寧に過ごしていきたいと思う。今日も静かな朝のひとときが訪れた。窓の外はまだ薄暗く、心に浮かぶ言葉をそのまま書き留めていく。昨日の出来事や、これからやりたいこと、ふと感じた不安や期待を、評価せずにただ流していく。書くことで思考が少しずつ整理され、前向きな気持ちになれる気がする。小さな気づきを大切にしながら、今日という一日を丁寧に過ごしていきたいと思う。今日も静かな朝のひとときが訪れた。窓の外はまだ薄暗く、心に浮かぶ言葉をそのまま書き留めていく。昨日の出来事や、これからやりたいこと、ふと感じた不安や期待を、評価せずにただ流していく。書くことで思考が少しずつ整理され、前向きな気持ちになれる気がする。小さな気づきを大切にしながら、今日という一日を丁寧に過ごしていきたいと思う。今日も静かな朝のひとときが訪れた。窓の外はまだ薄暗く、心に浮かぶ言葉をそのまま書き留めていく。昨日の出来事や、これからやりたいこと、ふと感じた不安や期待を、評価せずにただ流していく。書くことで思考が少しずつ整理され、前向きな気持ちになれる気がする。小さな気づきを大切にしながら、今日という一日を丁寧に過ごしていきたいと思う。今日も静かな朝のひとときが訪れた。窓の外はまだ薄暗く、心に浮かぶ言葉をそのまま書き留めていく。昨日の出来事や、これからやりたいこと、ふと感じた不安や期待を、評価せずにただ流していく。書くことで思考が少しずつ整理され、前向きな気持ちになれる気がする。小さな気づきを大切にしながら、今日という一日を丁寧に過ごしていきたいと思う。今日も静かな朝のひとときが訪れた。窓の外はまだ薄暗く、心に浮かぶ言葉をそのまま書き留めていく。昨日の出来事や、これからやりたいこと、ふと感じた不安や期待を、評価せずにただ流していく。書くことで思考が少しずつ整理され、前向きな気持ちになれる気がする。小さな気づきを大切にしながら、今日という一日を丁寧に過ごしていきたいと思う。今日も静かな朝のひとときが訪れた。窓の外はまだ薄暗く、心に浮かぶ言葉をそのまま書き留めていく。昨日の出来事や、これか', 1354, '2026-06-08 08:00:00', '2026-06-08 08:00:00');
INSERT INTO MorningPages (user_id, entry_date, content, character_count, created_at, updated_at) VALUES ('00fb977a-b868-40bc-b67c-517d24e49ec7', '2026-06-09', '今日も静かな朝のひとときが訪れた。窓の外はまだ薄暗く、心に浮かぶ言葉をそのまま書き留めていく。昨日の出来事や、これからやりたいこと、ふと感じた不安や期待を、評価せずにただ流していく。書くことで思考が少しずつ整理され、前向きな気持ちになれる気がする。小さな気づきを大切にしながら、今日という一日を丁寧に過ごしていきたいと思う。今日も静かな朝のひとときが訪れた。窓の外はまだ薄暗く、心に浮かぶ言葉をそのまま書き留めていく。昨日の出来事や、これからやりたいこと、ふと感じた不安や期待を、評価せずにただ流していく。書くことで思考が少しずつ整理され、前向きな気持ちになれる気がする。小さな気づきを大切にしながら、今日という一日を丁寧に過ごしていきたいと思う。今日も静かな朝のひとときが訪れた。窓の外はまだ薄暗く、心に浮かぶ言葉をそのまま書き留めていく。昨日の出来事や、これからやりたいこと、ふと感じた不安や期待を、評価せずにただ流していく。書くことで思考が少しずつ整理され、前向きな気持ちになれる気がする。小さな気づきを大切にしながら、今日という一日を丁寧に過ごしていきたいと思う。今日も静かな朝のひとときが訪れた。窓の外はまだ薄暗く、心に浮かぶ言葉をそのまま書き留めていく。昨日の出来事や、これからやりたいこと、ふと感じた不安や期待を、評価せずにただ流していく。書くことで思考が少しずつ整理され、前向きな気持ちになれる気がする。小さな気づきを大切にしながら、今日という一日を丁寧に過ごしていきたいと思う。今日も静かな朝のひとときが訪れた。窓の外はまだ薄暗く、心に浮かぶ言葉をそのまま書き留めていく。昨日の出来事や、これからやりたいこと、ふと感じた不安や期待を、評価せずにただ流していく。書くことで思考が少しずつ整理され、前向きな気持ちになれる気がする。小さな気づきを大切にしながら、今日という一日を丁寧に過ごしていきたいと思う。今日も静かな朝のひとときが訪れた。窓の外はまだ薄暗く、心に浮かぶ言葉をそのまま書き留めていく。昨日の出来事や、これからやりたいこと、ふと感じた不安や期待を、評価せずにただ流していく。書くことで思考が少しずつ整理され、前向きな気持ちになれる気がする。小さな気づきを大切にしながら、今日という一日を丁寧に過ごしていきたいと思う。今日も静かな朝のひとときが訪れた。窓の外はまだ薄暗く、心に浮かぶ言葉をそのまま書き留めていく。昨日の出来事や、これからやりたいこと、ふと感じた不安や期待を、評価せずにただ流していく。書くことで思考が少しずつ整理され、前向きな気持ちになれる気がする。小さな気づきを大切にしながら、今日という一日を丁寧に過ごしていきたいと思う。今日も静かな朝のひとときが訪れた。窓の外はまだ薄暗く、心に浮かぶ言葉をそのまま書き留めていく。昨日の出来事や、これからやりたいこと、ふと感じた不安や期待を、評価せずにただ流していく。書くことで思考が少しずつ整理され、前向きな気持ちになれる気がする。小さな気づきを大切にしながら、今日という一日を丁寧に過ごしていきたいと思う。今日も静かな朝のひとときが訪れた。窓の外はまだ薄暗く、心に浮かぶ言葉をそのまま書き留めていく。昨日の出来事や、これからやりたいこと', 1361, '2026-06-09 08:00:00', '2026-06-09 08:00:00');
INSERT INTO MorningPages (user_id, entry_date, content, character_count, created_at, updated_at) VALUES ('00fb977a-b868-40bc-b67c-517d24e49ec7', '2026-06-10', '今日も静かな朝のひとときが訪れた。窓の外はまだ薄暗く、心に浮かぶ言葉をそのまま書き留めていく。昨日の出来事や、これからやりたいこと、ふと感じた不安や期待を、評価せずにただ流していく。書くことで思考が少しずつ整理され、前向きな気持ちになれる気がする。小さな気づきを大切にしながら、今日という一日を丁寧に過ごしていきたいと思う。今日も静かな朝のひとときが訪れた。窓の外はまだ薄暗く、心に浮かぶ言葉をそのまま書き留めていく。昨日の出来事や、これからやりたいこと、ふと感じた不安や期待を、評価せずにただ流していく。書くことで思考が少しずつ整理され、前向きな気持ちになれる気がする。小さな気づきを大切にしながら、今日という一日を丁寧に過ごしていきたいと思う。今日も静かな朝のひとときが訪れた。窓の外はまだ薄暗く、心に浮かぶ言葉をそのまま書き留めていく。昨日の出来事や、これからやりたいこと、ふと感じた不安や期待を、評価せずにただ流していく。書くことで思考が少しずつ整理され、前向きな気持ちになれる気がする。小さな気づきを大切にしながら、今日という一日を丁寧に過ごしていきたいと思う。今日も静かな朝のひとときが訪れた。窓の外はまだ薄暗く、心に浮かぶ言葉をそのまま書き留めていく。昨日の出来事や、これからやりたいこと、ふと感じた不安や期待を、評価せずにただ流していく。書くことで思考が少しずつ整理され、前向きな気持ちになれる気がする。小さな気づきを大切にしながら、今日という一日を丁寧に過ごしていきたいと思う。今日も静かな朝のひとときが訪れた。窓の外はまだ薄暗く、心に浮かぶ言葉をそのまま書き留めていく。昨日の出来事や、これからやりたいこと、ふと感じた不安や期待を、評価せずにただ流していく。書くことで思考が少しずつ整理され、前向きな気持ちになれる気がする。小さな気づきを大切にしながら、今日という一日を丁寧に過ごしていきたいと思う。今日も静かな朝のひとときが訪れた。窓の外はまだ薄暗く、心に浮かぶ言葉をそのまま書き留めていく。昨日の出来事や、これからやりたいこと、ふと感じた不安や期待を、評価せずにただ流していく。書くことで思考が少しずつ整理され、前向きな気持ちになれる気がする。小さな気づきを大切にしながら、今日という一日を丁寧に過ごしていきたいと思う。今日も静かな朝のひとときが訪れた。窓の外はまだ薄暗く、心に浮かぶ言葉をそのまま書き留めていく。昨日の出来事や、これからやりたいこと、ふと感じた不安や期待を、評価せずにただ流していく。書くことで思考が少しずつ整理され、前向きな気持ちになれる気がする。小さな気づきを大切にしながら、今日という一日を丁寧に過ごしていきたいと思う。今日も静かな朝のひとときが訪れた。窓の外はまだ薄暗く、心に浮かぶ言葉をそのまま書き留めていく。昨日の出来事や、これからやりたいこと、ふと感じた不安や期待を、評価せずにただ流していく。書くことで思考が少しずつ整理され、前向きな気持ちになれる気がする。小さな気づきを大切にしながら、今日という一日を丁寧に過ごしていきたいと思う。今日も静かな朝のひとときが訪れた。窓の外はまだ薄暗く、心に浮かぶ言葉をそのまま書き留めていく。昨日の出来事や、これからやりたいこと、ふと感じた不', 1368, '2026-06-10 08:00:00', '2026-06-10 08:00:00');
INSERT INTO MorningPages (user_id, entry_date, content, character_count, created_at, updated_at) VALUES ('00fb977a-b868-40bc-b67c-517d24e49ec7', '2026-06-11', '今日も静かな朝のひとときが訪れた。窓の外はまだ薄暗く、心に浮かぶ言葉をそのまま書き留めていく。昨日の出来事や、これからやりたいこと、ふと感じた不安や期待を、評価せずにただ流していく。書くことで思考が少しずつ整理され、前向きな気持ちになれる気がする。小さな気づきを大切にしながら、今日という一日を丁寧に過ごしていきたいと思う。今日も静かな朝のひとときが訪れた。窓の外はまだ薄暗く、心に浮かぶ言葉をそのまま書き留めていく。昨日の出来事や、これからやりたいこと、ふと感じた不安や期待を、評価せずにただ流していく。書くことで思考が少しずつ整理され、前向きな気持ちになれる気がする。小さな気づきを大切にしながら、今日という一日を丁寧に過ごしていきたいと思う。今日も静かな朝のひとときが訪れた。窓の外はまだ薄暗く、心に浮かぶ言葉をそのまま書き留めていく。昨日の出来事や、これからやりたいこと、ふと感じた不安や期待を、評価せずにただ流していく。書くことで思考が少しずつ整理され、前向きな気持ちになれる気がする。小さな気づきを大切にしながら、今日という一日を丁寧に過ごしていきたいと思う。今日も静かな朝のひとときが訪れた。窓の外はまだ薄暗く、心に浮かぶ言葉をそのまま書き留めていく。昨日の出来事や、これからやりたいこと、ふと感じた不安や期待を、評価せずにただ流していく。書くことで思考が少しずつ整理され、前向きな気持ちになれる気がする。小さな気づきを大切にしながら、今日という一日を丁寧に過ごしていきたいと思う。今日も静かな朝のひとときが訪れた。窓の外はまだ薄暗く、心に浮かぶ言葉をそのまま書き留めていく。昨日の出来事や、これからやりたいこと、ふと感じた不安や期待を、評価せずにただ流していく。書くことで思考が少しずつ整理され、前向きな気持ちになれる気がする。小さな気づきを大切にしながら、今日という一日を丁寧に過ごしていきたいと思う。今日も静かな朝のひとときが訪れた。窓の外はまだ薄暗く、心に浮かぶ言葉をそのまま書き留めていく。昨日の出来事や、これからやりたいこと、ふと感じた不安や期待を、評価せずにただ流していく。書くことで思考が少しずつ整理され、前向きな気持ちになれる気がする。小さな気づきを大切にしながら、今日という一日を丁寧に過ごしていきたいと思う。今日も静かな朝のひとときが訪れた。窓の外はまだ薄暗く、心に浮かぶ言葉をそのまま書き留めていく。昨日の出来事や、これからやりたいこと、ふと感じた不安や期待を、評価せずにただ流していく。書くことで思考が少しずつ整理され、前向きな気持ちになれる気がする。小さな気づきを大切にしながら、今日という一日を丁寧に過ごしていきたいと思う。今日も静かな朝のひとときが訪れた。窓の外はまだ薄暗く、心に浮かぶ言葉をそのまま書き留めていく。昨日の出来事や、これからやりたいこと、ふと感じた不安や期待を、評価せずにただ流していく。書くことで思考が少しずつ整理され、前向きな気持ちになれる気がする。小さな気づきを大切にしながら、今日という一日を丁寧に過ごしていきたいと思う。今日も静かな朝のひとときが訪れた。窓の外はまだ薄暗く、心に浮かぶ言葉をそのまま書き留めていく。昨日の出来事や、これからやりたいこと、ふと感じた不安や期待を、評', 1375, '2026-06-11 08:00:00', '2026-06-11 08:00:00');
INSERT INTO MorningPages (user_id, entry_date, content, character_count, created_at, updated_at) VALUES ('00fb977a-b868-40bc-b67c-517d24e49ec7', '2026-06-12', '今日も静かな朝のひとときが訪れた。窓の外はまだ薄暗く、心に浮かぶ言葉をそのまま書き留めていく。昨日の出来事や、これからやりたいこと、ふと感じた不安や期待を、評価せずにただ流していく。書くことで思考が少しずつ整理され、前向きな気持ちになれる気がする。小さな気づきを大切にしながら、今日という一日を丁寧に過ごしていきたいと思う。今日も静かな朝のひとときが訪れた。窓の外はまだ薄暗く、心に浮かぶ言葉をそのまま書き留めていく。昨日の出来事や、これからやりたいこと、ふと感じた不安や期待を、評価せずにただ流していく。書くことで思考が少しずつ整理され、前向きな気持ちになれる気がする。小さな気づきを大切にしながら、今日という一日を丁寧に過ごしていきたいと思う。今日も静かな朝のひとときが訪れた。窓の外はまだ薄暗く、心に浮かぶ言葉をそのまま書き留めていく。昨日の出来事や、これからやりたいこと、ふと感じた不安や期待を、評価せずにただ流していく。書くことで思考が少しずつ整理され、前向きな気持ちになれる気がする。小さな気づきを大切にしながら、今日という一日を丁寧に過ごしていきたいと思う。今日も静かな朝のひとときが訪れた。窓の外はまだ薄暗く、心に浮かぶ言葉をそのまま書き留めていく。昨日の出来事や、これからやりたいこと、ふと感じた不安や期待を、評価せずにただ流していく。書くことで思考が少しずつ整理され、前向きな気持ちになれる気がする。小さな気づきを大切にしながら、今日という一日を丁寧に過ごしていきたいと思う。今日も静かな朝のひとときが訪れた。窓の外はまだ薄暗く、心に浮かぶ言葉をそのまま書き留めていく。昨日の出来事や、これからやりたいこと、ふと感じた不安や期待を、評価せずにただ流していく。書くことで思考が少しずつ整理され、前向きな気持ちになれる気がする。小さな気づきを大切にしながら、今日という一日を丁寧に過ごしていきたいと思う。今日も静かな朝のひとときが訪れた。窓の外はまだ薄暗く、心に浮かぶ言葉をそのまま書き留めていく。昨日の出来事や、これからやりたいこと、ふと感じた不安や期待を、評価せずにただ流していく。書くことで思考が少しずつ整理され、前向きな気持ちになれる気がする。小さな気づきを大切にしながら、今日という一日を丁寧に過ごしていきたいと思う。今日も静かな朝のひとときが訪れた。窓の外はまだ薄暗く、心に浮かぶ言葉をそのまま書き留めていく。昨日の出来事や、これからやりたいこと、ふと感じた不安や期待を、評価せずにただ流していく。書くことで思考が少しずつ整理され、前向きな気持ちになれる気がする。小さな気づきを大切にしながら、今日という一日を丁寧に過ごしていきたいと思う。今日も静かな朝のひとときが訪れた。窓の外はまだ薄暗く、心に浮かぶ言葉をそのまま書き留めていく。昨日の出来事や、これからやりたいこと、ふと感じた不安や期待を、評価せずにただ流していく。書くことで思考が少しずつ整理され、前向きな気持ちになれる気がする。小さな気づきを大切にしながら、今日という一日を丁寧に過ごしていきたいと思う。今日も静かな朝のひとときが訪れた。窓の外はまだ薄暗く、心に浮かぶ言葉をそのまま書き留めていく。昨日の出来事や、これからやりたいこと、ふと感じた不安や期待を、評価せずにただ流', 1382, '2026-06-12 08:00:00', '2026-06-12 08:00:00');
INSERT INTO MorningPages (user_id, entry_date, content, character_count, created_at, updated_at) VALUES ('00fb977a-b868-40bc-b67c-517d24e49ec7', '2026-06-13', '今日も静かな朝のひとときが訪れた。窓の外はまだ薄暗く、心に浮かぶ言葉をそのまま書き留めていく。昨日の出来事や、これからやりたいこと、ふと感じた不安や期待を、評価せずにただ流していく。書くことで思考が少しずつ整理され、前向きな気持ちになれる気がする。小さな気づきを大切にしながら、今日という一日を丁寧に過ごしていきたいと思う。今日も静かな朝のひとときが訪れた。窓の外はまだ薄暗く、心に浮かぶ言葉をそのまま書き留めていく。昨日の出来事や、これからやりたいこと、ふと感じた不安や期待を、評価せずにただ流していく。書くことで思考が少しずつ整理され、前向きな気持ちになれる気がする。小さな気づきを大切にしながら、今日という一日を丁寧に過ごしていきたいと思う。今日も静かな朝のひとときが訪れた。窓の外はまだ薄暗く、心に浮かぶ言葉をそのまま書き留めていく。昨日の出来事や、これからやりたいこと、ふと感じた不安や期待を、評価せずにただ流していく。書くことで思考が少しずつ整理され、前向きな気持ちになれる気がする。小さな気づきを大切にしながら、今日という一日を丁寧に過ごしていきたいと思う。今日も静かな朝のひとときが訪れた。窓の外はまだ薄暗く、心に浮かぶ言葉をそのまま書き留めていく。昨日の出来事や、これからやりたいこと、ふと感じた不安や期待を、評価せずにただ流していく。書くことで思考が少しずつ整理され、前向きな気持ちになれる気がする。小さな気づきを大切にしながら、今日という一日を丁寧に過ごしていきたいと思う。今日も静かな朝のひとときが訪れた。窓の外はまだ薄暗く、心に浮かぶ言葉をそのまま書き留めていく。昨日の出来事や、これからやりたいこと、ふと感じた不安や期待を、評価せずにただ流していく。書くことで思考が少しずつ整理され、前向きな気持ちになれる気がする。小さな気づきを大切にしながら、今日という一日を丁寧に過ごしていきたいと思う。今日も静かな朝のひとときが訪れた。窓の外はまだ薄暗く、心に浮かぶ言葉をそのまま書き留めていく。昨日の出来事や、これからやりたいこと、ふと感じた不安や期待を、評価せずにただ流していく。書くことで思考が少しずつ整理され、前向きな気持ちになれる気がする。小さな気づきを大切にしながら、今日という一日を丁寧に過ごしていきたいと思う。今日も静かな朝のひとときが訪れた。窓の外はまだ薄暗く、心に浮かぶ言葉をそのまま書き留めていく。昨日の出来事や、これからやりたいこと、ふと感じた不安や期待を、評価せずにただ流していく。書くことで思考が少しずつ整理され、前向きな気持ちになれる気がする。小さな気づきを大切にしながら、今日という一日を丁寧に過ごしていきたいと思う。今日も静かな朝のひとときが訪れた。窓の外はまだ薄暗く、心に浮かぶ言葉をそのまま書き留めていく。昨日の出来事や、これからやりたいこと、ふと感じた不安や期待を、評価せずにただ流していく。書くことで思考が少しずつ整理され、前向きな気持ちになれる気がする。小さな気づきを大切にしながら、今日という一日を丁寧に過ごしていきたいと思う。今日も静かな朝のひとときが訪れた。窓の外はまだ薄暗く、心に浮かぶ言葉をそのまま書き留めていく。昨日の出来事や、これからやりたいこと、ふと感じた不安や期待を、評価せずにただ流していく。書く', 1389, '2026-06-13 08:00:00', '2026-06-13 08:00:00');
INSERT INTO MorningPages (user_id, entry_date, content, character_count, created_at, updated_at) VALUES ('00fb977a-b868-40bc-b67c-517d24e49ec7', '2026-06-14', '今日も静かな朝のひとときが訪れた。窓の外はまだ薄暗く、心に浮かぶ言葉をそのまま書き留めていく。昨日の出来事や、これからやりたいこと、ふと感じた不安や期待を、評価せずにただ流していく。書くことで思考が少しずつ整理され、前向きな気持ちになれる気がする。小さな気づきを大切にしながら、今日という一日を丁寧に過ごしていきたいと思う。今日も静かな朝のひとときが訪れた。窓の外はまだ薄暗く、心に浮かぶ言葉をそのまま書き留めていく。昨日の出来事や、これからやりたいこと、ふと感じた不安や期待を、評価せずにただ流していく。書くことで思考が少しずつ整理され、前向きな気持ちになれる気がする。小さな気づきを大切にしながら、今日という一日を丁寧に過ごしていきたいと思う。今日も静かな朝のひとときが訪れた。窓の外はまだ薄暗く、心に浮かぶ言葉をそのまま書き留めていく。昨日の出来事や、これからやりたいこと、ふと感じた不安や期待を、評価せずにただ流していく。書くことで思考が少しずつ整理され、前向きな気持ちになれる気がする。小さな気づきを大切にしながら、今日という一日を丁寧に過ごしていきたいと思う。今日も静かな朝のひとときが訪れた。窓の外はまだ薄暗く、心に浮かぶ言葉をそのまま書き留めていく。昨日の出来事や、これからやりたいこと、ふと感じた不安や期待を、評価せずにただ流していく。書くことで思考が少しずつ整理され、前向きな気持ちになれる気がする。小さな気づきを大切にしながら、今日という一日を丁寧に過ごしていきたいと思う。今日も静かな朝のひとときが訪れた。窓の外はまだ薄暗く、心に浮かぶ言葉をそのまま書き留めていく。昨日の出来事や、これからやりたいこと、ふと感じた不安や期待を、評価せずにただ流していく。書くことで思考が少しずつ整理され、前向きな気持ちになれる気がする。小さな気づきを大切にしながら、今日という一日を丁寧に過ごしていきたいと思う。今日も静かな朝のひとときが訪れた。窓の外はまだ薄暗く、心に浮かぶ言葉をそのまま書き留めていく。昨日の出来事や、これからやりたいこと、ふと感じた不安や期待を、評価せずにただ流していく。書くことで思考が少しずつ整理され、前向きな気持ちになれる気がする。小さな気づきを大切にしながら、今日という一日を丁寧に過ごしていきたいと思う。今日も静かな朝のひとときが訪れた。窓の外はまだ薄暗く、心に浮かぶ言葉をそのまま書き留めていく。昨日の出来事や、これからやりたいこと、ふと感じた不安や期待を、評価せずにただ流していく。書くことで思考が少しずつ整理され、前向きな気持ちになれる気がする。小さな気づきを大切にしながら、今日という一日を丁寧に過ごしていきたいと思う。今日も静かな朝のひとときが訪れた。窓の外はまだ薄暗く、心に浮かぶ言葉をそのまま書き留めていく。昨日の出来事や、これからやりたいこと、ふと感じた不安や期待を、評価せずにただ流していく。書くことで思考が少しずつ整理され、前向きな気持ちになれる気がする。小さな気づきを大切にしながら、今日という一日を丁寧に過ごしていきたいと思う。今日も静かな朝のひとときが訪れた。窓の外はまだ薄暗く、心に浮かぶ言葉をそのまま書き留めていく。昨日の出来事や、これからやりたいこと、ふと感じた不安や期待を、評価せずにただ流していく。書くことで思考が少', 1396, '2026-06-14 08:00:00', '2026-06-14 08:00:00');
INSERT INTO MorningPages (user_id, entry_date, content, character_count, created_at, updated_at) VALUES ('00fb977a-b868-40bc-b67c-517d24e49ec7', '2026-06-15', '今日も静かな朝のひとときが訪れた。窓の外はまだ薄暗く、心に浮かぶ言葉をそのまま書き留めていく。昨日の出来事や、これからやりたいこと、ふと感じた不安や期待を、評価せずにただ流していく。書くことで思考が少しずつ整理され、前向きな気持ちになれる気がする。小さな気づきを大切にしながら、今日という一日を丁寧に過ごしていきたいと思う。今日も静かな朝のひとときが訪れた。窓の外はまだ薄暗く、心に浮かぶ言葉をそのまま書き留めていく。昨日の出来事や、これからやりたいこと、ふと感じた不安や期待を、評価せずにただ流していく。書くことで思考が少しずつ整理され、前向きな気持ちになれる気がする。小さな気づきを大切にしながら、今日という一日を丁寧に過ごしていきたいと思う。今日も静かな朝のひとときが訪れた。窓の外はまだ薄暗く、心に浮かぶ言葉をそのまま書き留めていく。昨日の出来事や、これからやりたいこと、ふと感じた不安や期待を、評価せずにただ流していく。書くことで思考が少しずつ整理され、前向きな気持ちになれる気がする。小さな気づきを大切にしながら、今日という一日を丁寧に過ごしていきたいと思う。今日も静かな朝のひとときが訪れた。窓の外はまだ薄暗く、心に浮かぶ言葉をそのまま書き留めていく。昨日の出来事や、これからやりたいこと、ふと感じた不安や期待を、評価せずにただ流していく。書くことで思考が少しずつ整理され、前向きな気持ちになれる気がする。小さな気づきを大切にしながら、今日という一日を丁寧に過ごしていきたいと思う。今日も静かな朝のひとときが訪れた。窓の外はまだ薄暗く、心に浮かぶ言葉をそのまま書き留めていく。昨日の出来事や、これからやりたいこと、ふと感じた不安や期待を、評価せずにただ流していく。書くことで思考が少しずつ整理され、前向きな気持ちになれる気がする。小さな気づきを大切にしながら、今日という一日を丁寧に過ごしていきたいと思う。今日も静かな朝のひとときが訪れた。窓の外はまだ薄暗く、心に浮かぶ言葉をそのまま書き留めていく。昨日の出来事や、これからやりたいこと、ふと感じた不安や期待を、評価せずにただ流していく。書くことで思考が少しずつ整理され、前向きな気持ちになれる気がする。小さな気づきを大切にしながら、今日という一日を丁寧に過ごしていきたいと思う。今日も静かな朝のひとときが訪れた。窓の外はまだ薄暗く、心に浮かぶ言葉をそのまま書き留めていく。昨日の出来事や、これからやりたいこと、ふと感じた不安や期待を、評価せずにただ流していく。書くことで思考が少しずつ整理され、前向きな気持ちになれる気がする。小さな気づきを大切にしながら、今日という一日を丁寧に過ごしていきたいと思う。今日も静かな朝のひとときが訪れた。窓の外はまだ薄暗く、心に浮かぶ言葉をそのまま書き留めていく。昨日の出来事や、これからやりたいこと、ふと感じた不安や期待を、評価せずにただ流していく。書くことで思考が少しずつ整理され、前向きな気持ちになれる気がする。小さな気づきを大切にしながら、今日という一日を丁寧に過ごしていきたいと思う。今日も静かな朝のひとときが訪れた。窓の外はまだ薄暗く、心に浮かぶ言葉をそのまま書き留めていく。昨日の出来事や、これからやりたいこと、ふと感じた不安や期待を、評価せずにただ流していく。書くことで思考が少しずつ整理され', 1403, '2026-06-15 08:00:00', '2026-06-15 08:00:00');
INSERT INTO MorningPages (user_id, entry_date, content, character_count, created_at, updated_at) VALUES ('00fb977a-b868-40bc-b67c-517d24e49ec7', '2026-06-16', '今日も静かな朝のひとときが訪れた。窓の外はまだ薄暗く、心に浮かぶ言葉をそのまま書き留めていく。昨日の出来事や、これからやりたいこと、ふと感じた不安や期待を、評価せずにただ流していく。書くことで思考が少しずつ整理され、前向きな気持ちになれる気がする。小さな気づきを大切にしながら、今日という一日を丁寧に過ごしていきたいと思う。今日も静かな朝のひとときが訪れた。窓の外はまだ薄暗く、心に浮かぶ言葉をそのまま書き留めていく。昨日の出来事や、これからやりたいこと、ふと感じた不安や期待を、評価せずにただ流していく。書くことで思考が少しずつ整理され、前向きな気持ちになれる気がする。小さな気づきを大切にしながら、今日という一日を丁寧に過ごしていきたいと思う。今日も静かな朝のひとときが訪れた。窓の外はまだ薄暗く、心に浮かぶ言葉をそのまま書き留めていく。昨日の出来事や、これからやりたいこと、ふと感じた不安や期待を、評価せずにただ流していく。書くことで思考が少しずつ整理され、前向きな気持ちになれる気がする。小さな気づきを大切にしながら、今日という一日を丁寧に過ごしていきたいと思う。今日も静かな朝のひとときが訪れた。窓の外はまだ薄暗く、心に浮かぶ言葉をそのまま書き留めていく。昨日の出来事や、これからやりたいこと、ふと感じた不安や期待を、評価せずにただ流していく。書くことで思考が少しずつ整理され、前向きな気持ちになれる気がする。小さな気づきを大切にしながら、今日という一日を丁寧に過ごしていきたいと思う。今日も静かな朝のひとときが訪れた。窓の外はまだ薄暗く、心に浮かぶ言葉をそのまま書き留めていく。昨日の出来事や、これからやりたいこと、ふと感じた不安や期待を、評価せずにただ流していく。書くことで思考が少しずつ整理され、前向きな気持ちになれる気がする。小さな気づきを大切にしながら、今日という一日を丁寧に過ごしていきたいと思う。今日も静かな朝のひとときが訪れた。窓の外はまだ薄暗く、心に浮かぶ言葉をそのまま書き留めていく。昨日の出来事や、これからやりたいこと、ふと感じた不安や期待を、評価せずにただ流していく。書くことで思考が少しずつ整理され、前向きな気持ちになれる気がする。小さな気づきを大切にしながら、今日という一日を丁寧に過ごしていきたいと思う。今日も静かな朝のひとときが訪れた。窓の外はまだ薄暗く、心に浮かぶ言葉をそのまま書き留めていく。昨日の出来事や、これからやりたいこと、ふと感じた不安や期待を、評価せずにただ流していく。書くことで思考が少しずつ整理され、前向きな気持ちになれる気がする。小さな気づきを大切にしながら、今日という一日を丁寧に過ごしていきたいと思う。今日も静かな朝のひとときが訪れた。窓の外はまだ薄暗く、心に浮かぶ言葉をそのまま書き留めていく。昨日の出来事や、これからやりたいこと、ふと感じた不安や期待を、評価せずにただ流していく。書くことで思考が少しずつ整理され、前向きな気持ちになれる気がする。小さな気づきを大切にしながら、今日という一日を丁寧に過ごしていきたいと思う。今日も静かな朝のひとときが訪れた。窓の外はまだ薄暗く、心に浮かぶ言葉をそのまま書き留めていく。昨日の出来事や、これからやりたいこと、ふと感じた不安や期待を、評価せずにただ流していく。書くことで思考が少しずつ整理され、前向きな気持', 1410, '2026-06-16 08:00:00', '2026-06-16 08:00:00');
INSERT INTO MorningPages (user_id, entry_date, content, character_count, created_at, updated_at) VALUES ('00fb977a-b868-40bc-b67c-517d24e49ec7', '2026-06-17', '今日も静かな朝のひとときが訪れた。窓の外はまだ薄暗く、心に浮かぶ言葉をそのまま書き留めていく。昨日の出来事や、これからやりたいこと、ふと感じた不安や期待を、評価せずにただ流していく。書くことで思考が少しずつ整理され、前向きな気持ちになれる気がする。小さな気づきを大切にしながら、今日という一日を丁寧に過ごしていきたいと思う。今日も静かな朝のひとときが訪れた。窓の外はまだ薄暗く、心に浮かぶ言葉をそのまま書き留めていく。昨日の出来事や、これからやりたいこと、ふと感じた不安や期待を、評価せずにただ流していく。書くことで思考が少しずつ整理され、前向きな気持ちになれる気がする。小さな気づきを大切にしながら、今日という一日を丁寧に過ごしていきたいと思う。今日も静かな朝のひとときが訪れた。窓の外はまだ薄暗く、心に浮かぶ言葉をそのまま書き留めていく。昨日の出来事や、これからやりたいこと、ふと感じた不安や期待を、評価せずにただ流していく。書くことで思考が少しずつ整理され、前向きな気持ちになれる気がする。小さな気づきを大切にしながら、今日という一日を丁寧に過ごしていきたいと思う。今日も静かな朝のひとときが訪れた。窓の外はまだ薄暗く、心に浮かぶ言葉をそのまま書き留めていく。昨日の出来事や、これからやりたいこと、ふと感じた不安や期待を、評価せずにただ流していく。書くことで思考が少しずつ整理され、前向きな気持ちになれる気がする。小さな気づきを大切にしながら、今日という一日を丁寧に過ごしていきたいと思う。今日も静かな朝のひとときが訪れた。窓の外はまだ薄暗く、心に浮かぶ言葉をそのまま書き留めていく。昨日の出来事や、これからやりたいこと、ふと感じた不安や期待を、評価せずにただ流していく。書くことで思考が少しずつ整理され、前向きな気持ちになれる気がする。小さな気づきを大切にしながら、今日という一日を丁寧に過ごしていきたいと思う。今日も静かな朝のひとときが訪れた。窓の外はまだ薄暗く、心に浮かぶ言葉をそのまま書き留めていく。昨日の出来事や、これからやりたいこと、ふと感じた不安や期待を、評価せずにただ流していく。書くことで思考が少しずつ整理され、前向きな気持ちになれる気がする。小さな気づきを大切にしながら、今日という一日を丁寧に過ごしていきたいと思う。今日も静かな朝のひとときが訪れた。窓の外はまだ薄暗く、心に浮かぶ言葉をそのまま書き留めていく。昨日の出来事や、これからやりたいこと、ふと感じた不安や期待を、評価せずにただ流していく。書くことで思考が少しずつ整理され、前向きな気持ちになれる気がする。小さな気づきを大切にしながら、今日という一日を丁寧に過ごしていきたいと思う。今日も静かな朝のひとときが訪れた。窓の外はまだ薄暗く、心に浮かぶ言葉をそのまま書き留めていく。昨日の出来事や、これからやりたいこと、ふと感じた不安や期待を、評価せずにただ流していく。書くことで思考が少しずつ整理され、前向きな気持ちになれる気がする。小さな気づきを大切にしながら、今日という一日を丁寧に過ごしていきたいと思う。今日も静かな朝のひとときが訪れた。窓の外はまだ薄暗く、心に浮かぶ言葉をそのまま書き留めていく。昨日の出来事や、これからやりたいこと、ふと感じた不安や期待を、評価せずにただ流していく。書くことで思考が少しずつ整理され、前向きな気持ちになれる気が', 1417, '2026-06-17 08:00:00', '2026-06-17 08:00:00');
INSERT INTO MorningPages (user_id, entry_date, content, character_count, created_at, updated_at) VALUES ('00fb977a-b868-40bc-b67c-517d24e49ec7', '2026-06-19', '今日も静かな朝のひとときが訪れた。窓の外はまだ薄暗く、心に浮かぶ言葉をそのまま書き留めていく。昨日の出来事や、これからやりたいこと、ふと感じた不安や期待を、評価せずにただ流していく。書くことで思考が少しずつ整理され、前向きな気持ちになれる気がする。小さな気づきを大切にしながら、今日という一日を丁寧に過ごしていきたいと思う。今日も静かな朝のひとときが訪れた。窓の外はまだ薄暗く、心に浮かぶ言葉をそのまま書き留めていく。昨日の出来事や、これからやりたいこと、ふと感じた不安や期待を、評価せずにただ流していく。書くことで思考が少しずつ整理され、前向きな気持ちになれる気がする。小さな気づきを大切にしながら、今日という一日を丁寧に過ごしていきたいと思う。今日も静かな朝のひとときが訪れた。窓の外はまだ薄暗く、心に浮かぶ言葉をそのまま書き留めていく。昨日の出来事や、これからやりたいこと、ふと感じた不安や期待を、評価せずにただ流していく。書くことで思考が少しずつ整理され、前向きな気持ちになれる気がする。小さな気づきを大切にしながら、今日という一日を丁寧に過ごしていきたいと思う。今日も静かな朝のひとときが訪れた。窓の外はまだ薄暗く、心に浮かぶ言葉をそのまま書き留めていく。昨日の出来事や、これからやりたいこと、ふと感じた不安や期待を、評価せずにただ流していく。書くことで思考が少しずつ整理され、前向きな気持ちになれる気がする。小さな気づきを大切にしながら、今日という一日を丁寧に過ごしていきたいと思う。今日も静かな朝のひとときが訪れた。窓の外はまだ薄暗く、心に浮かぶ言葉をそのまま書き留めていく。昨日の出来事や、これからやりたいこと、ふと感じた不安や期待を、評価せずにただ流していく。書くことで思考が少しずつ整理され、前向きな気持ちになれる気がする。小さな気づきを大切にしながら、今日という一日を丁寧に過ごしていきたいと思う。今日も静かな朝のひとときが訪れた。窓の外はまだ薄暗く、心に浮かぶ言葉をそのまま書き留めていく。昨日の出来事や、これからやりたいこと、ふと感じた不安や期待を、評価せずにただ流していく。書くことで思考が少しずつ整理され、前向きな気持ちになれる気がする。小さな気づきを大切にしながら、今日という一日を丁寧に過ごしていきたいと思う。今日も静かな朝のひとときが訪れた。窓の外はまだ薄暗く、心に浮かぶ言葉をそのまま書き留めていく。昨日の出来事や、これからやりたいこと、ふと感じた不安や期待を、評価せずにただ流していく。書くことで思考が少しずつ整理され、前向きな気持ちになれる気がする。小さな気づきを大切にしながら、今日という一日を丁寧に過ごしていきたいと思う。今日も静かな朝のひとときが訪れた。窓の外はまだ薄暗く、心に浮かぶ言葉をそのまま書き留めていく。昨日の出来事や、これからやりたいこと、ふと感じた不安や期待を、評価せずにただ流していく。書くことで思考が少しずつ整理され、前向きな気持ちになれる気がする。小さな気づきを大切にしながら、今日という一日を丁寧に過ごしていきたいと思う。今日も静かな朝のひとときが訪れた。窓の外はまだ薄暗く、心に浮かぶ言葉をそのまま書き留めていく。昨日の出来事や、これからやりたいこと、ふと感じた不安や期待を、評価せずにただ流していく。書くことで思考が少しずつ整理され、前向きな気持ちになれる気がする。小さな気づきを大切にし', 1431, '2026-06-19 08:00:00', '2026-06-19 08:00:00');
INSERT INTO MorningPages (user_id, entry_date, content, character_count, created_at, updated_at) VALUES ('00fb977a-b868-40bc-b67c-517d24e49ec7', '2026-06-20', '今日も静かな朝のひとときが訪れた。窓の外はまだ薄暗く、心に浮かぶ言葉をそのまま書き留めていく。昨日の出来事や、これからやりたいこと、ふと感じた不安や期待を、評価せずにただ流していく。書くことで思考が少しずつ整理され、前向きな気持ちになれる気がする。小さな気づきを大切にしながら、今日という一日を丁寧に過ごしていきたいと思う。今日も静かな朝のひとときが訪れた。窓の外はまだ薄暗く、心に浮かぶ言葉をそのまま書き留めていく。昨日の出来事や、これからやりたいこと、ふと感じた不安や期待を、評価せずにただ流していく。書くことで思考が少しずつ整理され、前向きな気持ちになれる気がする。小さな気づきを大切にしながら、今日という一日を丁寧に過ごしていきたいと思う。今日も静かな朝のひとときが訪れた。窓の外はまだ薄暗く、心に浮かぶ言葉をそのまま書き留めていく。昨日の出来事や、これからやりたいこと、ふと感じた不安や期待を、評価せずにただ流していく。書くことで思考が少しずつ整理され、前向きな気持ちになれる気がする。小さな気づきを大切にしながら、今日という一日を丁寧に過ごしていきたいと思う。今日も静かな朝のひとときが訪れた。窓の外はまだ薄暗く、心に浮かぶ言葉をそのまま書き留めていく。昨日の出来事や、これからやりたいこと、ふと感じた不安や期待を、評価せずにただ流していく。書くことで思考が少しずつ整理され、前向きな気持ちになれる気がする。小さな気づきを大切にしながら、今日という一日を丁寧に過ごしていきたいと思う。今日も静かな朝のひとときが訪れた。窓の外はまだ薄暗く、心に浮かぶ言葉をそのまま書き留めていく。昨日の出来事や、これからやりたいこと、ふと感じた不安や期待を、評価せずにただ流していく。書くことで思考が少しずつ整理され、前向きな気持ちになれる気がする。小さな気づきを大切にしながら、今日という一日を丁寧に過ごしていきたいと思う。今日も静かな朝のひとときが訪れた。窓の外はまだ薄暗く、心に浮かぶ言葉をそのまま書き留めていく。昨日の出来事や、これからやりたいこと、ふと感じた不安や期待を、評価せずにただ流していく。書くことで思考が少しずつ整理され、前向きな気持ちになれる気がする。小さな気づきを大切にしながら、今日という一日を丁寧に過ごしていきたいと思う。今日も静かな朝のひとときが訪れた。窓の外はまだ薄暗く、心に浮かぶ言葉をそのまま書き留めていく。昨日の出来事や、これからやりたいこと、ふと感じた不安や期待を、評価せずにただ流していく。書くことで思考が少しずつ整理され、前向きな気持ちになれる気がする。小さな気づきを大切にしながら、今日という一日を丁寧に過ごしていきたいと思う。今日も静かな朝のひとときが訪れた。窓の外はまだ薄暗く、心に浮かぶ言葉をそのまま書き留めていく。昨日の出来事や、これからやりたいこと、ふと感じた不安や期待を、評価せずにただ流していく。書くことで思考が少しずつ整理され、前向きな気持ちになれる気がする。小さな気づきを大切にしながら、今日という一日を丁寧に過ごしていきたいと思う。今日も静かな朝のひとときが訪れた。窓の外はまだ薄暗く、心に浮かぶ言葉をそのまま書き留めていく。昨日の出来事や、これからやりたいこと、ふと感じた不安や期待を、評価せずにただ流していく。書くことで思考が少しずつ整理され、前向きな気持ちになれる気がする。小さな気づきを大切にしながら、今日と', 1438, '2026-06-20 08:00:00', '2026-06-20 08:00:00');
INSERT INTO MorningPages (user_id, entry_date, content, character_count, created_at, updated_at) VALUES ('00fb977a-b868-40bc-b67c-517d24e49ec7', '2026-06-21', '今日も静かな朝のひとときが訪れた。窓の外はまだ薄暗く、心に浮かぶ言葉をそのまま書き留めていく。昨日の出来事や、これからやりたいこと、ふと感じた不安や期待を、評価せずにただ流していく。書くことで思考が少しずつ整理され、前向きな気持ちになれる気がする。小さな気づきを大切にしながら、今日という一日を丁寧に過ごしていきたいと思う。今日も静かな朝のひとときが訪れた。窓の外はまだ薄暗く、心に浮かぶ言葉をそのまま書き留めていく。昨日の出来事や、これからやりたいこと、ふと感じた不安や期待を、評価せずにただ流していく。書くことで思考が少しずつ整理され、前向きな気持ちになれる気がする。小さな気づきを大切にしながら、今日という一日を丁寧に過ごしていきたいと思う。今日も静かな朝のひとときが訪れた。窓の外はまだ薄暗く、心に浮かぶ言葉をそのまま書き留めていく。昨日の出来事や、これからやりたいこと、ふと感じた不安や期待を、評価せずにただ流していく。書くことで思考が少しずつ整理され、前向きな気持ちになれる気がする。小さな気づきを大切にしながら、今日という一日を丁寧に過ごしていきたいと思う。今日も静かな朝のひとときが訪れた。窓の外はまだ薄暗く、心に浮かぶ言葉をそのまま書き留めていく。昨日の出来事や、これからやりたいこと、ふと感じた不安や期待を、評価せずにただ流していく。書くことで思考が少しずつ整理され、前向きな気持ちになれる気がする。小さな気づきを大切にしながら、今日という一日を丁寧に過ごしていきたいと思う。今日も静かな朝のひとときが訪れた。窓の外はまだ薄暗く、心に浮かぶ言葉をそのまま書き留めていく。昨日の出来事や、これからやりたいこと、ふと感じた不安や期待を、評価せずにただ流していく。書くことで思考が少しずつ整理され、前向きな気持ちになれる気がする。小さな気づきを大切にしながら、今日という一日を丁寧に過ごしていきたいと思う。今日も静かな朝のひとときが訪れた。窓の外はまだ薄暗く、心に浮かぶ言葉をそのまま書き留めていく。昨日の出来事や、これからやりたいこと、ふと感じた不安や期待を、評価せずにただ流していく。書くことで思考が少しずつ整理され、前向きな気持ちになれる気がする。小さな気づきを大切にしながら、今日という一日を丁寧に過ごしていきたいと思う。今日も静かな朝のひとときが訪れた。窓の外はまだ薄暗く、心に浮かぶ言葉をそのまま書き留めていく。昨日の出来事や、これからやりたいこと、ふと感じた不安や期待を、評価せずにただ流していく。書くことで思考が少しずつ整理され、前向きな気持ちになれる気がする。小さな気づきを大切にしながら、今日という一日を丁寧に過ごしていきたいと思う。今日も静かな朝のひとときが訪れた。窓の外はまだ薄暗く、心に浮かぶ言葉をそのまま書き留めていく。昨日の出来事や、これからやりたいこと、ふと感じた不安や期待を、評価せずにただ流していく。書くことで思考が少しずつ整理され、前向きな気持ちになれる気がする。小さな気づきを大切にしながら、今日という一日を丁寧に過ごしていきたいと思う。今日も静かな朝のひとときが訪れた。窓の外はまだ薄暗く、心に浮かぶ言葉をそのまま書き留めていく。昨日の出来事や、これからやりたいこと、ふと感じた不安や期待を、評価せずにただ流していく。書くことで思考が少しずつ整理され、前向きな気持ちになれる気がする。小さな気づきを大切にしながら、今日という一日を丁寧', 1445, '2026-06-21 08:00:00', '2026-06-21 08:00:00');
INSERT INTO MorningPages (user_id, entry_date, content, character_count, created_at, updated_at) VALUES ('00fb977a-b868-40bc-b67c-517d24e49ec7', '2026-06-22', '今日も静かな朝のひとときが訪れた。窓の外はまだ薄暗く、心に浮かぶ言葉をそのまま書き留めていく。昨日の出来事や、これからやりたいこと、ふと感じた不安や期待を、評価せずにただ流していく。書くことで思考が少しずつ整理され、前向きな気持ちになれる気がする。小さな気づきを大切にしながら、今日という一日を丁寧に過ごしていきたいと思う。今日も静かな朝のひとときが訪れた。窓の外はまだ薄暗く、心に浮かぶ言葉をそのまま書き留めていく。昨日の出来事や、これからやりたいこと、ふと感じた不安や期待を、評価せずにただ流していく。書くことで思考が少しずつ整理され、前向きな気持ちになれる気がする。小さな気づきを大切にしながら、今日という一日を丁寧に過ごしていきたいと思う。今日も静かな朝のひとときが訪れた。窓の外はまだ薄暗く、心に浮かぶ言葉をそのまま書き留めていく。昨日の出来事や、これからやりたいこと、ふと感じた不安や期待を、評価せずにただ流していく。書くことで思考が少しずつ整理され、前向きな気持ちになれる気がする。小さな気づきを大切にしながら、今日という一日を丁寧に過ごしていきたいと思う。今日も静かな朝のひとときが訪れた。窓の外はまだ薄暗く、心に浮かぶ言葉をそのまま書き留めていく。昨日の出来事や、これからやりたいこと、ふと感じた不安や期待を、評価せずにただ流していく。書くことで思考が少しずつ整理され、前向きな気持ちになれる気がする。小さな気づきを大切にしながら、今日という一日を丁寧に過ごしていきたいと思う。今日も静かな朝のひとときが訪れた。窓の外はまだ薄暗く、心に浮かぶ言葉をそのまま書き留めていく。昨日の出来事や、これからやりたいこと、ふと感じた不安や期待を、評価せずにただ流していく。書くことで思考が少しずつ整理され、前向きな気持ちになれる気がする。小さな気づきを大切にしながら、今日という一日を丁寧に過ごしていきたいと思う。今日も静かな朝のひとときが訪れた。窓の外はまだ薄暗く、心に浮かぶ言葉をそのまま書き留めていく。昨日の出来事や、これからやりたいこと、ふと感じた不安や期待を、評価せずにただ流していく。書くことで思考が少しずつ整理され、前向きな気持ちになれる気がする。小さな気づきを大切にしながら、今日という一日を丁寧に過ごしていきたいと思う。今日も静かな朝のひとときが訪れた。窓の外はまだ薄暗く、心に浮かぶ言葉をそのまま書き留めていく。昨日の出来事や、これからやりたいこと、ふと感じた不安や期待を、評価せずにただ流していく。書くことで思考が少しずつ整理され、前向きな気持ちになれる気がする。小さな気づきを大切にしながら、今日という一日を丁寧に過ごしていきたいと思う。今日も静かな朝のひとときが訪れた。窓の外はまだ薄暗く、心に浮かぶ言葉をそのまま書き留めていく。昨日の出来事や、これからやりたいこと、ふと感じた不安や期待を、評価せずにただ流していく。書くことで思考が少しずつ整理され、前向きな気持ちになれる気がする。小さな気づきを大切にしながら、今日という一日を丁寧に過ごしていきたいと思う。今日も静かな朝のひとときが訪れた。窓の外はまだ薄暗く、心に浮かぶ言葉をそのまま書き留めていく。昨日の出来事や、これからやりたいこと、ふと感じた不安や期待を、評価せずにただ流していく。書くことで思考が少しずつ整理され、前向きな気持ちになれる気がする。小さな気づきを大切にしながら、今日という一日を丁寧に過ごしていき', 1452, '2026-06-22 08:00:00', '2026-06-22 08:00:00');
INSERT INTO MorningPages (user_id, entry_date, content, character_count, created_at, updated_at) VALUES ('00fb977a-b868-40bc-b67c-517d24e49ec7', '2026-06-23', '今日も静かな朝のひとときが訪れた。窓の外はまだ薄暗く、心に浮かぶ言葉をそのまま書き留めていく。昨日の出来事や、これからやりたいこと、ふと感じた不安や期待を、評価せずにただ流していく。書くことで思考が少しずつ整理され、前向きな気持ちになれる気がする。小さな気づきを大切にしながら、今日という一日を丁寧に過ごしていきたいと思う。今日も静かな朝のひとときが訪れた。窓の外はまだ薄暗く、心に浮かぶ言葉をそのまま書き留めていく。昨日の出来事や、これからやりたいこと、ふと感じた不安や期待を、評価せずにただ流していく。書くことで思考が少しずつ整理され、前向きな気持ちになれる気がする。小さな気づきを大切にしながら、今日という一日を丁寧に過ごしていきたいと思う。今日も静かな朝のひとときが訪れた。窓の外はまだ薄暗く、心に浮かぶ言葉をそのまま書き留めていく。昨日の出来事や、これからやりたいこと、ふと感じた不安や期待を、評価せずにただ流していく。書くことで思考が少しずつ整理され、前向きな気持ちになれる気がする。小さな気づきを大切にしながら、今日という一日を丁寧に過ごしていきたいと思う。今日も静かな朝のひとときが訪れた。窓の外はまだ薄暗く、心に浮かぶ言葉をそのまま書き留めていく。昨日の出来事や、これからやりたいこと、ふと感じた不安や期待を、評価せずにただ流していく。書くことで思考が少しずつ整理され、前向きな気持ちになれる気がする。小さな気づきを大切にしながら、今日という一日を丁寧に過ごしていきたいと思う。今日も静かな朝のひとときが訪れた。窓の外はまだ薄暗く、心に浮かぶ言葉をそのまま書き留めていく。昨日の出来事や、これからやりたいこと、ふと感じた不安や期待を、評価せずにただ流していく。書くことで思考が少しずつ整理され、前向きな気持ちになれる気がする。小さな気づきを大切にしながら、今日という一日を丁寧に過ごしていきたいと思う。今日も静かな朝のひとときが訪れた。窓の外はまだ薄暗く、心に浮かぶ言葉をそのまま書き留めていく。昨日の出来事や、これからやりたいこと、ふと感じた不安や期待を、評価せずにただ流していく。書くことで思考が少しずつ整理され、前向きな気持ちになれる気がする。小さな気づきを大切にしながら、今日という一日を丁寧に過ごしていきたいと思う。今日も静かな朝のひとときが訪れた。窓の外はまだ薄暗く、心に浮かぶ言葉をそのまま書き留めていく。昨日の出来事や、これからやりたいこと、ふと感じた不安や期待を、評価せずにただ流していく。書くことで思考が少しずつ整理され、前向きな気持ちになれる気がする。小さな気づきを大切にしながら、今日という一日を丁寧に過ごしていきたいと思う。今日も静かな朝のひとときが訪れた。窓の外はまだ薄暗く、心に浮かぶ言葉をそのまま書き留めていく。昨日の出来事や、これからやりたいこと、ふと感じた不安や期待を、評価せずにただ流していく。書くことで思考が少しずつ整理され、前向きな気持ちになれる気がする。小さな気づきを大切にしながら、今日という一日を丁寧に過ごしていきたいと思う。今日も静かな朝のひとときが訪れた。窓の外はまだ薄暗く、心に浮かぶ言葉をそのまま書き留めていく。昨日の出来事や、これからやりたいこと、ふと感じた不安や期待を、評価せずにただ流していく。書くことで思考が少しずつ整理され、前向きな気持ちになれる気がする。小さな気づきを大切にしながら、今日という一日を丁寧に過ごしていきたいと思う。今', 1459, '2026-06-23 08:00:00', '2026-06-23 08:00:00');
INSERT INTO MorningPages (user_id, entry_date, content, character_count, created_at, updated_at) VALUES ('00fb977a-b868-40bc-b67c-517d24e49ec7', '2026-06-24', '今日も静かな朝のひとときが訪れた。窓の外はまだ薄暗く、心に浮かぶ言葉をそのまま書き留めていく。昨日の出来事や、これからやりたいこと、ふと感じた不安や期待を、評価せずにただ流していく。書くことで思考が少しずつ整理され、前向きな気持ちになれる気がする。小さな気づきを大切にしながら、今日という一日を丁寧に過ごしていきたいと思う。今日も静かな朝のひとときが訪れた。窓の外はまだ薄暗く、心に浮かぶ言葉をそのまま書き留めていく。昨日の出来事や、これからやりたいこと、ふと感じた不安や期待を、評価せずにただ流していく。書くことで思考が少しずつ整理され、前向きな気持ちになれる気がする。小さな気づきを大切にしながら、今日という一日を丁寧に過ごしていきたいと思う。今日も静かな朝のひとときが訪れた。窓の外はまだ薄暗く、心に浮かぶ言葉をそのまま書き留めていく。昨日の出来事や、これからやりたいこと、ふと感じた不安や期待を、評価せずにただ流していく。書くことで思考が少しずつ整理され、前向きな気持ちになれる気がする。小さな気づきを大切にしながら、今日という一日を丁寧に過ごしていきたいと思う。今日も静かな朝のひとときが訪れた。窓の外はまだ薄暗く、心に浮かぶ言葉をそのまま書き留めていく。昨日の出来事や、これからやりたいこと、ふと感じた不安や期待を、評価せずにただ流していく。書くことで思考が少しずつ整理され、前向きな気持ちになれる気がする。小さな気づきを大切にしながら、今日という一日を丁寧に過ごしていきたいと思う。今日も静かな朝のひとときが訪れた。窓の外はまだ薄暗く、心に浮かぶ言葉をそのまま書き留めていく。昨日の出来事や、これからやりたいこと、ふと感じた不安や期待を、評価せずにただ流していく。書くことで思考が少しずつ整理され、前向きな気持ちになれる気がする。小さな気づきを大切にしながら、今日という一日を丁寧に過ごしていきたいと思う。今日も静かな朝のひとときが訪れた。窓の外はまだ薄暗く、心に浮かぶ言葉をそのまま書き留めていく。昨日の出来事や、これからやりたいこと、ふと感じた不安や期待を、評価せずにただ流していく。書くことで思考が少しずつ整理され、前向きな気持ちになれる気がする。小さな気づきを大切にしながら、今日という一日を丁寧に過ごしていきたいと思う。今日も静かな朝のひとときが訪れた。窓の外はまだ薄暗く、心に浮かぶ言葉をそのまま書き留めていく。昨日の出来事や、これからやりたいこと、ふと感じた不安や期待を、評価せずにただ流していく。書くことで思考が少しずつ整理され、前向きな気持ちになれる気がする。小さな気づきを大切にしながら、今日という一日を丁寧に過ごしていきたいと思う。今日も静かな朝のひとときが訪れた。窓の外はまだ薄暗く、心に浮かぶ言葉をそのまま書き留めていく。昨日の出来事や、これからやりたいこと、ふと感じた不安や期待を、評価せずにただ流していく。書くことで思考が少しずつ整理され、前向きな気持ちになれる気がする。小さな気づきを大切にしながら、今日という一日を丁寧に過ごしていきたいと思う。今日も静かな朝のひとときが訪れた。窓の外はまだ薄暗く、心に浮かぶ言葉をそのまま書き留めていく。昨日の出来事や、これからやりたいこと、ふと感じた不安や期待を、評価せずにただ流していく。書くことで思考が少しずつ整理され、前向きな気持ちになれる気がする。小さな気づきを大切にしながら、今日という一日を丁寧に過ごしていきたいと思う。今日も静かな朝の', 1466, '2026-06-24 08:00:00', '2026-06-24 08:00:00');
INSERT INTO MorningPages (user_id, entry_date, content, character_count, created_at, updated_at) VALUES ('00fb977a-b868-40bc-b67c-517d24e49ec7', '2026-06-25', '今日も静かな朝のひとときが訪れた。窓の外はまだ薄暗く、心に浮かぶ言葉をそのまま書き留めていく。昨日の出来事や、これからやりたいこと、ふと感じた不安や期待を、評価せずにただ流していく。書くことで思考が少しずつ整理され、前向きな気持ちになれる気がする。小さな気づきを大切にしながら、今日という一日を丁寧に過ごしていきたいと思う。今日も静かな朝のひとときが訪れた。窓の外はまだ薄暗く、心に浮かぶ言葉をそのまま書き留めていく。昨日の出来事や、これからやりたいこと、ふと感じた不安や期待を、評価せずにただ流していく。書くことで思考が少しずつ整理され、前向きな気持ちになれる気がする。小さな気づきを大切にしながら、今日という一日を丁寧に過ごしていきたいと思う。今日も静かな朝のひとときが訪れた。窓の外はまだ薄暗く、心に浮かぶ言葉をそのまま書き留めていく。昨日の出来事や、これからやりたいこと、ふと感じた不安や期待を、評価せずにただ流していく。書くことで思考が少しずつ整理され、前向きな気持ちになれる気がする。小さな気づきを大切にしながら、今日という一日を丁寧に過ごしていきたいと思う。今日も静かな朝のひとときが訪れた。窓の外はまだ薄暗く、心に浮かぶ言葉をそのまま書き留めていく。昨日の出来事や、これからやりたいこと、ふと感じた不安や期待を、評価せずにただ流していく。書くことで思考が少しずつ整理され、前向きな気持ちになれる気がする。小さな気づきを大切にしながら、今日という一日を丁寧に過ごしていきたいと思う。今日も静かな朝のひとときが訪れた。窓の外はまだ薄暗く、心に浮かぶ言葉をそのまま書き留めていく。昨日の出来事や、これからやりたいこと、ふと感じた不安や期待を、評価せずにただ流していく。書くことで思考が少しずつ整理され、前向きな気持ちになれる気がする。小さな気づきを大切にしながら、今日という一日を丁寧に過ごしていきたいと思う。今日も静かな朝のひとときが訪れた。窓の外はまだ薄暗く、心に浮かぶ言葉をそのまま書き留めていく。昨日の出来事や、これからやりたいこと、ふと感じた不安や期待を、評価せずにただ流していく。書くことで思考が少しずつ整理され、前向きな気持ちになれる気がする。小さな気づきを大切にしながら、今日という一日を丁寧に過ごしていきたいと思う。今日も静かな朝のひとときが訪れた。窓の外はまだ薄暗く、心に浮かぶ言葉をそのまま書き留めていく。昨日の出来事や、これからやりたいこと、ふと感じた不安や期待を、評価せずにただ流していく。書くことで思考が少しずつ整理され、前向きな気持ちになれる気がする。小さな気づきを大切にしながら、今日という一日を丁寧に過ごしていきたいと思う。今日も静かな朝のひとときが訪れた。窓の外はまだ薄暗く、心に浮かぶ言葉をそのまま書き留めていく。昨日の出来事や、これからやりたいこと、ふと感じた不安や期待を、評価せずにただ流していく。書くことで思考が少しずつ整理され、前向きな気持ちになれる気がする。小さな気づきを大切にしながら、今日という一日を丁寧に過ごしていきたいと思う。今日も静かな朝のひとときが訪れた。窓の外はまだ薄暗く、心に浮かぶ言葉をそのまま書き留めていく。昨日の出来事や、これからやりたいこと、ふと感じた不安や期待を、評価せずにただ流していく。書くことで思考が少しずつ整理され、前向きな気持ちになれる気がする。小さな気づきを大切にしながら、今日という一日を丁寧に過ごしていきたいと思う。今日も静かな朝のひとときが訪れ', 1473, '2026-06-25 08:00:00', '2026-06-25 08:00:00');
INSERT INTO MorningPages (user_id, entry_date, content, character_count, created_at, updated_at) VALUES ('00fb977a-b868-40bc-b67c-517d24e49ec7', '2026-06-26', '今日も静かな朝のひとときが訪れた。窓の外はまだ薄暗く、心に浮かぶ言葉をそのまま書き留めていく。昨日の出来事や、これからやりたいこと、ふと感じた不安や期待を、評価せずにただ流していく。書くことで思考が少しずつ整理され、前向きな気持ちになれる気がする。小さな気づきを大切にしながら、今日という一日を丁寧に過ごしていきたいと思う。今日も静かな朝のひとときが訪れた。窓の外はまだ薄暗く、心に浮かぶ言葉をそのまま書き留めていく。昨日の出来事や、これからやりたいこと、ふと感じた不安や期待を、評価せずにただ流していく。書くことで思考が少しずつ整理され、前向きな気持ちになれる気がする。小さな気づきを大切にしながら、今日という一日を丁寧に過ごしていきたいと思う。今日も静かな朝のひとときが訪れた。窓の外はまだ薄暗く、心に浮かぶ言葉をそのまま書き留めていく。昨日の出来事や、これからやりたいこと、ふと感じた不安や期待を、評価せずにただ流していく。書くことで思考が少しずつ整理され、前向きな気持ちになれる気がする。小さな気づきを大切にしながら、今日という一日を丁寧に過ごしていきたいと思う。今日も静かな朝のひとときが訪れた。窓の外はまだ薄暗く、心に浮かぶ言葉をそのまま書き留めていく。昨日の出来事や、これからやりたいこと、ふと感じた不安や期待を、評価せずにただ流していく。書くことで思考が少しずつ整理され、前向きな気持ちになれる気がする。小さな気づきを大切にしながら、今日という一日を丁寧に過ごしていきたいと思う。今日も静かな朝のひとときが訪れた。窓の外はまだ薄暗く、心に浮かぶ言葉をそのまま書き留めていく。昨日の出来事や、これからやりたいこと、ふと感じた不安や期待を、評価せずにただ流していく。書くことで思考が少しずつ整理され、前向きな気持ちになれる気がする。小さな気づきを大切にしながら、今日という一日を丁寧に過ごしていきたいと思う。今日も静かな朝のひとときが訪れた。窓の外はまだ薄暗く、心に浮かぶ言葉をそのまま書き留めていく。昨日の出来事や、これからやりたいこと、ふと感じた不安や期待を、評価せずにただ流していく。書くことで思考が少しずつ整理され、前向きな気持ちになれる気がする。小さな気づきを大切にしながら、今日という一日を丁寧に過ごしていきたいと思う。今日も静かな朝のひとときが訪れた。窓の外はまだ薄暗く、心に浮かぶ言葉をそのまま書き留めていく。昨日の出来事や、これからやりたいこと、ふと感じた不安や期待を、評価せずにただ流していく。書くことで思考が少しずつ整理され、前向きな気持ちになれる気がする。小さな気づきを大切にしながら、今日という一日を丁寧に過ごしていきたいと思う。今日も静かな朝のひとときが訪れた。窓の外はまだ薄暗く、心に浮かぶ言葉をそのまま書き留めていく。昨日の出来事や、これからやりたいこと、ふと感じた不安や期待を、評価せずにただ流していく。書くことで思考が少しずつ整理され、前向きな気持ちになれる気がする。小さな気づきを大切にしながら、今日という一日を丁寧に過ごしていきたいと思う。今日も静かな朝のひとときが訪れた。窓の外はまだ薄暗く、心に浮かぶ言葉をそのまま書き留めていく。昨日の出来事や、これからやりたいこと、ふと感じた不安や期待を、評価せずにただ流していく。書くことで思考が少しずつ整理され、前向きな気持ちになれる気がする。小さな気づきを大切にしながら、今日という一日を丁寧に過ごしていきたいと思う。今日も静かな朝のひとときが訪れた。窓の外はま', 1480, '2026-06-26 08:00:00', '2026-06-26 08:00:00');

-- ArtistDates
INSERT INTO ArtistDates (user_id, week_number, went_out, excited, created_at, updated_at) VALUES ('d7ef576e-51cb-4bf6-9935-5bccf469d4c0', 1, 1, 1, '2026-06-13 20:00:00', '2026-06-13 20:00:00');
INSERT INTO ArtistDates (user_id, week_number, went_out, excited, created_at, updated_at) VALUES ('d7ef576e-51cb-4bf6-9935-5bccf469d4c0', 2, 1, 1, '2026-06-20 20:00:00', '2026-06-20 20:00:00');
INSERT INTO ArtistDates (user_id, week_number, went_out, excited, created_at, updated_at) VALUES ('b2757357-8ac8-4607-8a57-7ad28c944d46', 1, 1, 1, '2026-05-20 20:00:00', '2026-05-20 20:00:00');
INSERT INTO ArtistDates (user_id, week_number, went_out, excited, created_at, updated_at) VALUES ('b2757357-8ac8-4607-8a57-7ad28c944d46', 2, 1, 0, '2026-05-27 20:00:00', '2026-05-27 20:00:00');
INSERT INTO ArtistDates (user_id, week_number, went_out, excited, created_at, updated_at) VALUES ('b2757357-8ac8-4607-8a57-7ad28c944d46', 4, 1, 1, '2026-06-10 20:00:00', '2026-06-10 20:00:00');
INSERT INTO ArtistDates (user_id, week_number, went_out, excited, created_at, updated_at) VALUES ('18550a58-b9a5-4fb2-bfdb-578670673142', 1, 0, 0, '2026-06-13 20:00:00', '2026-06-13 20:00:00');
INSERT INTO ArtistDates (user_id, week_number, went_out, excited, created_at, updated_at) VALUES ('18550a58-b9a5-4fb2-bfdb-578670673142', 2, 0, 0, '2026-06-20 20:00:00', '2026-06-20 20:00:00');
INSERT INTO ArtistDates (user_id, week_number, went_out, excited, created_at, updated_at) VALUES ('18550a58-b9a5-4fb2-bfdb-578670673142', 3, 0, 0, '2026-06-27 20:00:00', '2026-06-27 20:00:00');
INSERT INTO ArtistDates (user_id, week_number, went_out, excited, created_at, updated_at) VALUES ('00fb977a-b868-40bc-b67c-517d24e49ec7', 1, 1, 1, '2026-04-04 20:00:00', '2026-04-04 20:00:00');
INSERT INTO ArtistDates (user_id, week_number, went_out, excited, created_at, updated_at) VALUES ('00fb977a-b868-40bc-b67c-517d24e49ec7', 2, 1, 1, '2026-04-11 20:00:00', '2026-04-11 20:00:00');
INSERT INTO ArtistDates (user_id, week_number, went_out, excited, created_at, updated_at) VALUES ('00fb977a-b868-40bc-b67c-517d24e49ec7', 3, 1, 1, '2026-04-18 20:00:00', '2026-04-18 20:00:00');
INSERT INTO ArtistDates (user_id, week_number, went_out, excited, created_at, updated_at) VALUES ('00fb977a-b868-40bc-b67c-517d24e49ec7', 4, 1, 0, '2026-04-25 20:00:00', '2026-04-25 20:00:00');
INSERT INTO ArtistDates (user_id, week_number, went_out, excited, created_at, updated_at) VALUES ('00fb977a-b868-40bc-b67c-517d24e49ec7', 5, 1, 1, '2026-05-02 20:00:00', '2026-05-02 20:00:00');
INSERT INTO ArtistDates (user_id, week_number, went_out, excited, created_at, updated_at) VALUES ('00fb977a-b868-40bc-b67c-517d24e49ec7', 6, 1, 1, '2026-05-09 20:00:00', '2026-05-09 20:00:00');
INSERT INTO ArtistDates (user_id, week_number, went_out, excited, created_at, updated_at) VALUES ('00fb977a-b868-40bc-b67c-517d24e49ec7', 7, 1, 1, '2026-05-16 20:00:00', '2026-05-16 20:00:00');
INSERT INTO ArtistDates (user_id, week_number, went_out, excited, created_at, updated_at) VALUES ('00fb977a-b868-40bc-b67c-517d24e49ec7', 8, 0, 0, '2026-05-23 20:00:00', '2026-05-23 20:00:00');
INSERT INTO ArtistDates (user_id, week_number, went_out, excited, created_at, updated_at) VALUES ('00fb977a-b868-40bc-b67c-517d24e49ec7', 9, 1, 1, '2026-05-30 20:00:00', '2026-05-30 20:00:00');
INSERT INTO ArtistDates (user_id, week_number, went_out, excited, created_at, updated_at) VALUES ('00fb977a-b868-40bc-b67c-517d24e49ec7', 10, 1, 1, '2026-06-06 20:00:00', '2026-06-06 20:00:00');
INSERT INTO ArtistDates (user_id, week_number, went_out, excited, created_at, updated_at) VALUES ('00fb977a-b868-40bc-b67c-517d24e49ec7', 11, 1, 0, '2026-06-13 20:00:00', '2026-06-13 20:00:00');
INSERT INTO ArtistDates (user_id, week_number, went_out, excited, created_at, updated_at) VALUES ('00fb977a-b868-40bc-b67c-517d24e49ec7', 12, 1, 1, '2026-06-20 20:00:00', '2026-06-20 20:00:00');

-- Progress
INSERT INTO Progress (user_id, week_number, morning_page_done, artist_date_done, updated_at) VALUES ('d7ef576e-51cb-4bf6-9935-5bccf469d4c0', 1, 1, 1, '2026-06-27 12:00:00');
INSERT INTO Progress (user_id, week_number, morning_page_done, artist_date_done, updated_at) VALUES ('d7ef576e-51cb-4bf6-9935-5bccf469d4c0', 2, 1, 1, '2026-06-27 12:00:00');
INSERT INTO Progress (user_id, week_number, morning_page_done, artist_date_done, updated_at) VALUES ('b2757357-8ac8-4607-8a57-7ad28c944d46', 1, 1, 1, '2026-06-27 12:00:00');
INSERT INTO Progress (user_id, week_number, morning_page_done, artist_date_done, updated_at) VALUES ('b2757357-8ac8-4607-8a57-7ad28c944d46', 2, 1, 0, '2026-06-27 12:00:00');
INSERT INTO Progress (user_id, week_number, morning_page_done, artist_date_done, updated_at) VALUES ('b2757357-8ac8-4607-8a57-7ad28c944d46', 3, 1, 0, '2026-06-27 12:00:00');
INSERT INTO Progress (user_id, week_number, morning_page_done, artist_date_done, updated_at) VALUES ('b2757357-8ac8-4607-8a57-7ad28c944d46', 4, 1, 1, '2026-06-27 12:00:00');
INSERT INTO Progress (user_id, week_number, morning_page_done, artist_date_done, updated_at) VALUES ('b2757357-8ac8-4607-8a57-7ad28c944d46', 5, 1, 0, '2026-06-27 12:00:00');
INSERT INTO Progress (user_id, week_number, morning_page_done, artist_date_done, updated_at) VALUES ('18550a58-b9a5-4fb2-bfdb-578670673142', 1, 1, 0, '2026-06-27 12:00:00');
INSERT INTO Progress (user_id, week_number, morning_page_done, artist_date_done, updated_at) VALUES ('18550a58-b9a5-4fb2-bfdb-578670673142', 2, 1, 0, '2026-06-27 12:00:00');
INSERT INTO Progress (user_id, week_number, morning_page_done, artist_date_done, updated_at) VALUES ('18550a58-b9a5-4fb2-bfdb-578670673142', 3, 1, 0, '2026-06-27 12:00:00');
INSERT INTO Progress (user_id, week_number, morning_page_done, artist_date_done, updated_at) VALUES ('00fb977a-b868-40bc-b67c-517d24e49ec7', 1, 1, 1, '2026-06-27 12:00:00');
INSERT INTO Progress (user_id, week_number, morning_page_done, artist_date_done, updated_at) VALUES ('00fb977a-b868-40bc-b67c-517d24e49ec7', 2, 1, 1, '2026-06-27 12:00:00');
INSERT INTO Progress (user_id, week_number, morning_page_done, artist_date_done, updated_at) VALUES ('00fb977a-b868-40bc-b67c-517d24e49ec7', 3, 1, 1, '2026-06-27 12:00:00');
INSERT INTO Progress (user_id, week_number, morning_page_done, artist_date_done, updated_at) VALUES ('00fb977a-b868-40bc-b67c-517d24e49ec7', 4, 1, 0, '2026-06-27 12:00:00');
INSERT INTO Progress (user_id, week_number, morning_page_done, artist_date_done, updated_at) VALUES ('00fb977a-b868-40bc-b67c-517d24e49ec7', 5, 1, 1, '2026-06-27 12:00:00');
INSERT INTO Progress (user_id, week_number, morning_page_done, artist_date_done, updated_at) VALUES ('00fb977a-b868-40bc-b67c-517d24e49ec7', 6, 1, 1, '2026-06-27 12:00:00');
INSERT INTO Progress (user_id, week_number, morning_page_done, artist_date_done, updated_at) VALUES ('00fb977a-b868-40bc-b67c-517d24e49ec7', 7, 1, 1, '2026-06-27 12:00:00');
INSERT INTO Progress (user_id, week_number, morning_page_done, artist_date_done, updated_at) VALUES ('00fb977a-b868-40bc-b67c-517d24e49ec7', 8, 1, 0, '2026-06-27 12:00:00');
INSERT INTO Progress (user_id, week_number, morning_page_done, artist_date_done, updated_at) VALUES ('00fb977a-b868-40bc-b67c-517d24e49ec7', 9, 1, 1, '2026-06-27 12:00:00');
INSERT INTO Progress (user_id, week_number, morning_page_done, artist_date_done, updated_at) VALUES ('00fb977a-b868-40bc-b67c-517d24e49ec7', 10, 1, 1, '2026-06-27 12:00:00');
INSERT INTO Progress (user_id, week_number, morning_page_done, artist_date_done, updated_at) VALUES ('00fb977a-b868-40bc-b67c-517d24e49ec7', 11, 1, 0, '2026-06-27 12:00:00');
INSERT INTO Progress (user_id, week_number, morning_page_done, artist_date_done, updated_at) VALUES ('00fb977a-b868-40bc-b67c-517d24e49ec7', 12, 1, 1, '2026-06-27 12:00:00');
